0 verbose cli C:\Program Files\nodejs\node.exe C:\Program Files\nodejs\node_modules\npm\bin\npm-cli.js
1 info using npm@10.9.2
2 info using node@v22.14.0
3 silly config load:file:C:\Program Files\nodejs\node_modules\npm\npmrc
4 silly config load:file:C:\Progetti Exeva\Nuovo sceno\.npmrc
5 silly config load:file:C:\Users\empi0\.npmrc
6 silly config load:file:C:\Users\empi0\AppData\Roaming\npm\etc\npmrc
7 verbose title npm install typescript @types/node @types/react @types/react-dom eslint eslint-config-next
8 verbose argv "install" "--save-dev" "typescript" "@types/node" "@types/react" "@types/react-dom" "eslint" "eslint-config-next"
9 verbose logfile logs-max:10 dir:C:\Progetti Exeva\Nuovo sceno\.npm-cache\_logs\2026-05-14T18_28_19_658Z-
10 verbose logfile C:\Progetti Exeva\Nuovo sceno\.npm-cache\_logs\2026-05-14T18_28_19_658Z-debug-0.log
11 silly logfile done cleaning log files
12 silly packumentCache heap:4345298944 maxSize:1086324736 maxEntrySize:543162368
13 silly idealTree buildDeps
14 silly fetch manifest typescript@*
15 silly packumentCache full:https://registry.npmjs.org/typescript cache-miss
16 http fetch GET 200 https://registry.npmjs.org/typescript 414ms (cache miss)
17 silly packumentCache full:https://registry.npmjs.org/typescript set size:undefined disposed:false
18 silly fetch manifest @types/node@*
19 silly packumentCache full:https://registry.npmjs.org/@types%2fnode cache-miss
20 http fetch GET 200 https://registry.npmjs.org/@types%2fnode 213ms (cache miss)
21 silly packumentCache full:https://registry.npmjs.org/@types%2fnode set size:undefined disposed:false
22 silly fetch manifest @types/react@*
23 silly packumentCache full:https://registry.npmjs.org/@types%2freact cache-miss
24 http fetch GET 200 https://registry.npmjs.org/@types%2freact 113ms (cache miss)
25 silly packumentCache full:https://registry.npmjs.org/@types%2freact set size:undefined disposed:false
26 silly fetch manifest @types/react-dom@*
27 silly packumentCache full:https://registry.npmjs.org/@types%2freact-dom cache-miss
28 http fetch GET 200 https://registry.npmjs.org/@types%2freact-dom 256ms (cache miss)
29 silly packumentCache full:https://registry.npmjs.org/@types%2freact-dom set size:undefined disposed:false
30 silly fetch manifest eslint@*
31 silly packumentCache full:https://registry.npmjs.org/eslint cache-miss
32 http fetch GET 200 https://registry.npmjs.org/eslint 69ms (cache miss)
33 silly packumentCache full:https://registry.npmjs.org/eslint set size:undefined disposed:false
34 silly fetch manifest jiti@*
35 silly packumentCache full:https://registry.npmjs.org/jiti cache-miss
36 http fetch GET 200 https://registry.npmjs.org/jiti 46ms (cache miss)
37 silly packumentCache full:https://registry.npmjs.org/jiti set size:undefined disposed:false
38 silly fetch manifest eslint-config-next@*
39 silly packumentCache full:https://registry.npmjs.org/eslint-config-next cache-miss
40 http fetch GET 200 https://registry.npmjs.org/eslint-config-next 173ms (cache miss)
41 silly packumentCache full:https://registry.npmjs.org/eslint-config-next set size:undefined disposed:false
42 silly placeDep ROOT @types/node@25.8.0 OK for: scenografica-website@0.1.0 want: *
43 silly placeDep ROOT @types/react@19.2.14 OK for: scenografica-website@0.1.0 want: *
44 silly placeDep ROOT @types/react-dom@19.2.3 OK for: scenografica-website@0.1.0 want: *
45 silly placeDep ROOT eslint@10.3.0 OK for: scenografica-website@0.1.0 want: *
46 silly placeDep ROOT eslint-config-next@16.2.6 OK for: scenografica-website@0.1.0 want: *
47 silly placeDep ROOT typescript@6.0.3 OK for: scenografica-website@0.1.0 want: *
48 silly fetch manifest undici-types@>=7.24.0 <7.24.7
49 silly packumentCache full:https://registry.npmjs.org/undici-types cache-miss
50 silly fetch manifest csstype@^3.2.2
51 silly packumentCache full:https://registry.npmjs.org/csstype cache-miss
52 silly fetch manifest @eslint-community/eslint-utils@^4.8.0
53 silly packumentCache full:https://registry.npmjs.org/@eslint-community%2feslint-utils cache-miss
54 silly fetch manifest @eslint-community/regexpp@^4.12.2
55 silly packumentCache full:https://registry.npmjs.org/@eslint-community%2fregexpp cache-miss
56 silly fetch manifest @eslint/config-array@^0.23.5
57 silly packumentCache full:https://registry.npmjs.org/@eslint%2fconfig-array cache-miss
58 silly fetch manifest @eslint/config-helpers@^0.5.5
59 silly packumentCache full:https://registry.npmjs.org/@eslint%2fconfig-helpers cache-miss
60 silly fetch manifest @eslint/core@^1.2.1
61 silly packumentCache full:https://registry.npmjs.org/@eslint%2fcore cache-miss
62 silly fetch manifest @eslint/plugin-kit@^0.7.1
63 silly packumentCache full:https://registry.npmjs.org/@eslint%2fplugin-kit cache-miss
64 silly fetch manifest @humanfs/node@^0.16.6
65 silly packumentCache full:https://registry.npmjs.org/@humanfs%2fnode cache-miss
66 silly fetch manifest @humanwhocodes/module-importer@^1.0.1
67 silly packumentCache full:https://registry.npmjs.org/@humanwhocodes%2fmodule-importer cache-miss
68 silly fetch manifest @humanwhocodes/retry@^0.4.2
69 silly packumentCache full:https://registry.npmjs.org/@humanwhocodes%2fretry cache-miss
70 http fetch GET 200 https://registry.npmjs.org/@eslint-community%2fregexpp 124ms (cache miss)
71 silly packumentCache full:https://registry.npmjs.org/@eslint-community%2fregexpp set size:undefined disposed:false
72 silly fetch manifest @types/estree@^1.0.6
73 silly packumentCache full:https://registry.npmjs.org/@types%2festree cache-miss
74 http fetch GET 200 https://registry.npmjs.org/@eslint-community%2feslint-utils 129ms (cache miss)
75 silly packumentCache full:https://registry.npmjs.org/@eslint-community%2feslint-utils set size:undefined disposed:false
76 silly fetch manifest ajv@^6.14.0
77 silly packumentCache full:https://registry.npmjs.org/ajv cache-miss
78 http fetch GET 200 https://registry.npmjs.org/@humanfs%2fnode 132ms (cache miss)
79 silly packumentCache full:https://registry.npmjs.org/@humanfs%2fnode set size:undefined disposed:false
80 silly fetch manifest cross-spawn@^7.0.6
81 silly packumentCache full:https://registry.npmjs.org/cross-spawn cache-miss
82 http fetch GET 200 https://registry.npmjs.org/csstype 141ms (cache miss)
83 silly packumentCache full:https://registry.npmjs.org/csstype set size:undefined disposed:false
84 silly fetch manifest debug@^4.3.2
85 silly packumentCache full:https://registry.npmjs.org/debug cache-miss
86 http fetch GET 200 https://registry.npmjs.org/@eslint%2fplugin-kit 143ms (cache miss)
87 silly packumentCache full:https://registry.npmjs.org/@eslint%2fplugin-kit set size:undefined disposed:false
88 silly fetch manifest escape-string-regexp@^4.0.0
89 silly packumentCache full:https://registry.npmjs.org/escape-string-regexp cache-miss
90 http fetch GET 200 https://registry.npmjs.org/@eslint%2fconfig-helpers 146ms (cache miss)
91 silly packumentCache full:https://registry.npmjs.org/@eslint%2fconfig-helpers set size:undefined disposed:false
92 silly fetch manifest eslint-scope@^9.1.2
93 silly packumentCache full:https://registry.npmjs.org/eslint-scope cache-miss
94 http fetch GET 200 https://registry.npmjs.org/@eslint%2fconfig-array 166ms (cache miss)
95 silly packumentCache full:https://registry.npmjs.org/@eslint%2fconfig-array set size:undefined disposed:false
96 silly fetch manifest eslint-visitor-keys@^5.0.1
97 silly packumentCache full:https://registry.npmjs.org/eslint-visitor-keys cache-miss
98 http fetch GET 200 https://registry.npmjs.org/cross-spawn 36ms (cache miss)
99 silly packumentCache full:https://registry.npmjs.org/cross-spawn set size:undefined disposed:false
100 silly fetch manifest espree@^11.2.0
101 silly packumentCache full:https://registry.npmjs.org/espree cache-miss
102 http fetch GET 200 https://registry.npmjs.org/@types%2festree 52ms (cache miss)
103 silly packumentCache full:https://registry.npmjs.org/@types%2festree set size:undefined disposed:false
104 silly fetch manifest esquery@^1.7.0
105 silly packumentCache full:https://registry.npmjs.org/esquery cache-miss
106 http fetch GET 200 https://registry.npmjs.org/escape-string-regexp 42ms (cache miss)
107 silly packumentCache full:https://registry.npmjs.org/escape-string-regexp set size:undefined disposed:false
108 silly fetch manifest esutils@^2.0.2
109 silly packumentCache full:https://registry.npmjs.org/esutils cache-miss
110 http fetch GET 200 https://registry.npmjs.org/eslint-scope 50ms (cache miss)
111 silly packumentCache full:https://registry.npmjs.org/eslint-scope set size:undefined disposed:false
112 silly fetch manifest fast-deep-equal@^3.1.3
113 silly packumentCache full:https://registry.npmjs.org/fast-deep-equal cache-miss
114 http fetch GET 200 https://registry.npmjs.org/debug 58ms (cache miss)
115 silly packumentCache full:https://registry.npmjs.org/debug set size:undefined disposed:false
116 silly fetch manifest file-entry-cache@^8.0.0
117 silly packumentCache full:https://registry.npmjs.org/file-entry-cache cache-miss
118 http fetch GET 200 https://registry.npmjs.org/eslint-visitor-keys 50ms (cache miss)
119 silly packumentCache full:https://registry.npmjs.org/eslint-visitor-keys set size:undefined disposed:false
120 silly fetch manifest find-up@^5.0.0
121 silly packumentCache full:https://registry.npmjs.org/find-up cache-miss
122 http fetch GET 200 https://registry.npmjs.org/ajv 89ms (cache miss)
123 silly packumentCache full:https://registry.npmjs.org/ajv set size:undefined disposed:false
124 silly fetch manifest glob-parent@^6.0.2
125 silly packumentCache full:https://registry.npmjs.org/glob-parent cache-miss
126 http fetch GET 200 https://registry.npmjs.org/esquery 59ms (cache miss)
127 silly packumentCache full:https://registry.npmjs.org/esquery set size:undefined disposed:false
128 silly fetch manifest ignore@^5.2.0
129 silly packumentCache full:https://registry.npmjs.org/ignore cache-miss
130 http fetch GET 200 https://registry.npmjs.org/espree 69ms (cache miss)
131 silly packumentCache full:https://registry.npmjs.org/espree set size:undefined disposed:false
132 silly fetch manifest imurmurhash@^0.1.4
133 silly packumentCache full:https://registry.npmjs.org/imurmurhash cache-miss
134 http fetch GET 200 https://registry.npmjs.org/esutils 58ms (cache miss)
135 silly packumentCache full:https://registry.npmjs.org/esutils set size:undefined disposed:false
136 silly fetch manifest is-glob@^4.0.0
137 silly packumentCache full:https://registry.npmjs.org/is-glob cache-miss
138 http fetch GET 200 https://registry.npmjs.org/fast-deep-equal 48ms (cache miss)
139 silly packumentCache full:https://registry.npmjs.org/fast-deep-equal set size:undefined disposed:false
140 silly fetch manifest json-stable-stringify-without-jsonify@^1.0.1
141 silly packumentCache full:https://registry.npmjs.org/json-stable-stringify-without-jsonify cache-miss
142 http fetch GET 200 https://registry.npmjs.org/file-entry-cache 50ms (cache miss)
143 silly packumentCache full:https://registry.npmjs.org/file-entry-cache set size:undefined disposed:false
144 silly fetch manifest minimatch@^10.2.4
145 silly packumentCache full:https://registry.npmjs.org/minimatch cache-miss
146 http fetch GET 200 https://registry.npmjs.org/find-up 46ms (cache miss)
147 silly packumentCache full:https://registry.npmjs.org/find-up set size:undefined disposed:false
148 silly fetch manifest natural-compare@^1.4.0
149 silly packumentCache full:https://registry.npmjs.org/natural-compare cache-miss
150 http fetch GET 200 https://registry.npmjs.org/glob-parent 36ms (cache miss)
151 silly packumentCache full:https://registry.npmjs.org/glob-parent set size:undefined disposed:false
152 silly fetch manifest optionator@^0.9.3
153 silly packumentCache full:https://registry.npmjs.org/optionator cache-miss
154 http fetch GET 200 https://registry.npmjs.org/is-glob 34ms (cache miss)
155 silly packumentCache full:https://registry.npmjs.org/is-glob set size:undefined disposed:false
156 silly fetch manifest globals@16.4.0
157 silly packumentCache full:https://registry.npmjs.org/globals cache-miss
158 http fetch GET 200 https://registry.npmjs.org/imurmurhash 40ms (cache miss)
159 silly packumentCache full:https://registry.npmjs.org/imurmurhash set size:undefined disposed:false
160 silly fetch manifest typescript-eslint@^8.46.0
161 silly packumentCache full:https://registry.npmjs.org/typescript-eslint cache-miss
162 http fetch GET 200 https://registry.npmjs.org/ignore 49ms (cache miss)
163 silly packumentCache full:https://registry.npmjs.org/ignore set size:undefined disposed:false
164 silly fetch manifest eslint-plugin-react@^7.37.0
165 silly packumentCache full:https://registry.npmjs.org/eslint-plugin-react cache-miss
166 http fetch GET 200 https://registry.npmjs.org/natural-compare 30ms (cache miss)
167 silly packumentCache full:https://registry.npmjs.org/natural-compare set size:undefined disposed:false
168 silly fetch manifest eslint-plugin-import@^2.32.0
169 silly packumentCache full:https://registry.npmjs.org/eslint-plugin-import cache-miss
170 http fetch GET 200 https://registry.npmjs.org/optionator 33ms (cache miss)
171 silly packumentCache full:https://registry.npmjs.org/optionator set size:undefined disposed:false
172 silly fetch manifest eslint-plugin-jsx-a11y@^6.10.0
173 silly packumentCache full:https://registry.npmjs.org/eslint-plugin-jsx-a11y cache-miss
174 http fetch GET 200 https://registry.npmjs.org/globals 40ms (cache miss)
175 silly packumentCache full:https://registry.npmjs.org/globals set size:undefined disposed:false
176 silly fetch manifest @next/eslint-plugin-next@16.2.6
177 silly packumentCache full:https://registry.npmjs.org/@next%2feslint-plugin-next cache-miss
178 http fetch GET 200 https://registry.npmjs.org/eslint-plugin-jsx-a11y 42ms (cache miss)
179 silly packumentCache full:https://registry.npmjs.org/eslint-plugin-jsx-a11y set size:undefined disposed:false
180 silly fetch manifest eslint-plugin-react-hooks@^7.0.0
181 silly packumentCache full:https://registry.npmjs.org/eslint-plugin-react-hooks cache-miss
182 http fetch GET 200 https://registry.npmjs.org/minimatch 92ms (cache miss)
183 silly packumentCache full:https://registry.npmjs.org/minimatch set size:undefined disposed:false
184 silly fetch manifest eslint-import-resolver-node@^0.3.6
185 silly packumentCache full:https://registry.npmjs.org/eslint-import-resolver-node cache-miss
186 http fetch GET 200 https://registry.npmjs.org/@humanwhocodes%2fmodule-importer 359ms (cache miss)
187 silly packumentCache full:https://registry.npmjs.org/@humanwhocodes%2fmodule-importer set size:undefined disposed:false
188 silly fetch manifest eslint-import-resolver-typescript@^3.5.2
189 silly packumentCache full:https://registry.npmjs.org/eslint-import-resolver-typescript cache-miss
190 http fetch GET 200 https://registry.npmjs.org/typescript-eslint 117ms (cache miss)
191 silly packumentCache full:https://registry.npmjs.org/typescript-eslint set size:undefined disposed:false
192 http fetch GET 200 https://registry.npmjs.org/eslint-import-resolver-typescript 88ms (cache miss)
193 silly packumentCache full:https://registry.npmjs.org/eslint-import-resolver-typescript set size:undefined disposed:false
194 http fetch GET 200 https://registry.npmjs.org/json-stable-stringify-without-jsonify 220ms (cache miss)
195 silly packumentCache full:https://registry.npmjs.org/json-stable-stringify-without-jsonify set size:undefined disposed:false
196 http fetch GET 200 https://registry.npmjs.org/eslint-plugin-react-hooks 207ms (cache miss)
197 silly packumentCache full:https://registry.npmjs.org/eslint-plugin-react-hooks set size:undefined disposed:false
198 http fetch GET 200 https://registry.npmjs.org/eslint-plugin-import 298ms (cache miss)
199 silly packumentCache full:https://registry.npmjs.org/eslint-plugin-import set size:undefined disposed:false
200 http fetch GET 200 https://registry.npmjs.org/eslint-import-resolver-node 248ms (cache miss)
201 silly packumentCache full:https://registry.npmjs.org/eslint-import-resolver-node set size:undefined disposed:false
202 http fetch GET 200 https://registry.npmjs.org/eslint-plugin-react 311ms (cache miss)
203 silly packumentCache full:https://registry.npmjs.org/eslint-plugin-react set size:undefined disposed:false
204 http fetch GET 200 https://registry.npmjs.org/@next%2feslint-plugin-next 609ms (cache miss)
205 silly packumentCache full:https://registry.npmjs.org/@next%2feslint-plugin-next set size:undefined disposed:false
206 http fetch GET 200 https://registry.npmjs.org/@eslint%2fcore 1102ms (cache miss)
207 silly packumentCache full:https://registry.npmjs.org/@eslint%2fcore set size:undefined disposed:false
208 http fetch GET 200 https://registry.npmjs.org/@humanwhocodes%2fretry 2793ms (cache miss)
209 silly packumentCache full:https://registry.npmjs.org/@humanwhocodes%2fretry set size:undefined disposed:false
210 http fetch GET 200 https://registry.npmjs.org/undici-types 2811ms (cache miss)
211 silly packumentCache full:https://registry.npmjs.org/undici-types set size:undefined disposed:false
212 silly placeDep ROOT undici-types@7.24.6 OK for: @types/node@25.8.0 want: >=7.24.0 <7.24.7
213 silly placeDep ROOT csstype@3.2.3 OK for: @types/react@19.2.14 want: ^3.2.2
214 silly fetch manifest eslint@^6.0.0 || ^7.0.0 || >=8.0.0
215 silly packumentCache full:https://registry.npmjs.org/eslint cache-miss
216 http cache https://registry.npmjs.org/eslint 10ms (cache hit)
217 silly packumentCache full:https://registry.npmjs.org/eslint set size:1990528 disposed:false
218 silly placeDep ROOT @eslint-community/eslint-utils@4.9.1 OK for: eslint@10.3.0 want: ^4.8.0
219 silly placeDep ROOT @eslint-community/regexpp@4.12.2 OK for: eslint@10.3.0 want: ^4.12.2
220 silly placeDep ROOT @eslint/config-array@0.23.5 OK for: eslint@10.3.0 want: ^0.23.5
221 silly placeDep ROOT @eslint/config-helpers@0.5.5 OK for: eslint@10.3.0 want: ^0.5.5
222 silly placeDep ROOT @eslint/core@1.2.1 OK for: eslint@10.3.0 want: ^1.2.1
223 silly placeDep ROOT @eslint/plugin-kit@0.7.1 OK for: eslint@10.3.0 want: ^0.7.1
224 silly placeDep ROOT @humanfs/node@0.16.8 OK for: eslint@10.3.0 want: ^0.16.6
225 silly placeDep ROOT @humanwhocodes/module-importer@1.0.1 OK for: eslint@10.3.0 want: ^1.0.1
226 silly placeDep ROOT @humanwhocodes/retry@0.4.3 OK for: eslint@10.3.0 want: ^0.4.2
227 silly placeDep ROOT @types/estree@1.0.9 OK for: eslint@10.3.0 want: ^1.0.6
228 silly placeDep ROOT ajv@6.15.0 OK for: eslint@10.3.0 want: ^6.14.0
229 silly placeDep ROOT cross-spawn@7.0.6 OK for: eslint@10.3.0 want: ^7.0.6
230 silly placeDep ROOT debug@4.4.3 OK for: eslint@10.3.0 want: ^4.3.2
231 silly placeDep ROOT escape-string-regexp@4.0.0 OK for: eslint@10.3.0 want: ^4.0.0
232 silly placeDep ROOT eslint-scope@9.1.2 OK for: eslint@10.3.0 want: ^9.1.2
233 silly placeDep ROOT eslint-visitor-keys@5.0.1 OK for: eslint@10.3.0 want: ^5.0.1
234 silly placeDep ROOT espree@11.2.0 OK for: eslint@10.3.0 want: ^11.2.0
235 silly placeDep ROOT esquery@1.7.0 OK for: eslint@10.3.0 want: ^1.7.0
236 silly placeDep ROOT esutils@2.0.3 OK for: eslint@10.3.0 want: ^2.0.2
237 silly placeDep ROOT fast-deep-equal@3.1.3 OK for: eslint@10.3.0 want: ^3.1.3
238 silly placeDep ROOT file-entry-cache@8.0.0 OK for: eslint@10.3.0 want: ^8.0.0
239 silly placeDep ROOT find-up@5.0.0 OK for: eslint@10.3.0 want: ^5.0.0
240 silly placeDep ROOT glob-parent@6.0.2 OK for: eslint@10.3.0 want: ^6.0.2
241 silly placeDep ROOT ignore@5.3.2 OK for: eslint@10.3.0 want: ^5.2.0
242 silly placeDep ROOT imurmurhash@0.1.4 OK for: eslint@10.3.0 want: ^0.1.4
243 silly placeDep ROOT is-glob@4.0.3 OK for: eslint@10.3.0 want: ^4.0.0
244 silly placeDep ROOT json-stable-stringify-without-jsonify@1.0.1 OK for: eslint@10.3.0 want: ^1.0.1
245 silly placeDep ROOT minimatch@10.2.5 OK for: eslint@10.3.0 want: ^10.2.4
246 silly placeDep ROOT natural-compare@1.4.0 OK for: eslint@10.3.0 want: ^1.4.0
247 silly placeDep ROOT optionator@0.9.4 OK for: eslint@10.3.0 want: ^0.9.3
248 silly fetch manifest eslint-visitor-keys@^3.4.3
249 silly packumentCache full:https://registry.npmjs.org/eslint-visitor-keys cache-miss
250 silly fetch manifest @eslint/object-schema@^3.0.5
251 silly packumentCache full:https://registry.npmjs.org/@eslint%2fobject-schema cache-miss
252 silly fetch manifest debug@^4.3.1
253 silly packumentCache full:https://registry.npmjs.org/debug cache-miss
254 silly fetch manifest @types/json-schema@^7.0.15
255 silly packumentCache full:https://registry.npmjs.org/@types%2fjson-schema cache-miss
256 silly fetch manifest levn@^0.4.1
257 silly packumentCache full:https://registry.npmjs.org/levn cache-miss
258 silly fetch manifest @humanwhocodes/retry@^0.4.0
259 silly packumentCache full:https://registry.npmjs.org/@humanwhocodes%2fretry cache-miss
260 silly fetch manifest @humanfs/core@^0.19.2
261 silly packumentCache full:https://registry.npmjs.org/@humanfs%2fcore cache-miss
262 silly fetch manifest @humanfs/types@^0.15.0
263 silly packumentCache full:https://registry.npmjs.org/@humanfs%2ftypes cache-miss
264 silly fetch manifest uri-js@^4.2.2
265 silly packumentCache full:https://registry.npmjs.org/uri-js cache-miss
266 silly fetch manifest fast-deep-equal@^3.1.1
267 silly packumentCache full:https://registry.npmjs.org/fast-deep-equal cache-miss
268 silly fetch manifest json-schema-traverse@^0.4.1
269 silly packumentCache full:https://registry.npmjs.org/json-schema-traverse cache-miss
270 http cache https://registry.npmjs.org/eslint-visitor-keys 12ms (cache hit)
271 silly packumentCache full:https://registry.npmjs.org/eslint-visitor-keys set size:69949 disposed:false
272 silly fetch manifest fast-json-stable-stringify@^2.0.0
273 silly packumentCache full:https://registry.npmjs.org/fast-json-stable-stringify cache-miss
274 http cache https://registry.npmjs.org/debug 14ms (cache hit)
275 silly packumentCache full:https://registry.npmjs.org/debug set size:195840 disposed:false
276 silly fetch manifest which@^2.0.1
277 silly packumentCache full:https://registry.npmjs.org/which cache-miss
278 http cache https://registry.npmjs.org/fast-deep-equal 14ms (cache hit)
279 silly packumentCache full:https://registry.npmjs.org/fast-deep-equal set size:48634 disposed:false
280 silly fetch manifest path-key@^3.1.0
281 silly packumentCache full:https://registry.npmjs.org/path-key cache-miss
282 http cache https://registry.npmjs.org/@humanwhocodes%2fretry 17ms (cache hit)
283 silly packumentCache full:https://registry.npmjs.org/@humanwhocodes%2fretry set size:42348 disposed:false
284 silly fetch manifest shebang-command@^2.0.0
285 silly packumentCache full:https://registry.npmjs.org/shebang-command cache-miss
286 http fetch GET 200 https://registry.npmjs.org/levn 32ms (cache miss)
287 silly packumentCache full:https://registry.npmjs.org/levn set size:undefined disposed:false
288 silly fetch manifest ms@^2.1.3
289 silly packumentCache full:https://registry.npmjs.org/ms cache-miss
290 http fetch GET 200 https://registry.npmjs.org/uri-js 35ms (cache miss)
291 silly packumentCache full:https://registry.npmjs.org/uri-js set size:undefined disposed:false
292 silly fetch manifest @types/esrecurse@^4.3.1
293 silly packumentCache full:https://registry.npmjs.org/@types%2fesrecurse cache-miss
294 http fetch GET 200 https://registry.npmjs.org/json-schema-traverse 37ms (cache miss)
295 silly packumentCache full:https://registry.npmjs.org/json-schema-traverse set size:undefined disposed:false
296 silly fetch manifest esrecurse@^4.3.0
297 silly packumentCache full:https://registry.npmjs.org/esrecurse cache-miss
298 http fetch GET 200 https://registry.npmjs.org/fast-json-stable-stringify 37ms (cache miss)
299 silly packumentCache full:https://registry.npmjs.org/fast-json-stable-stringify set size:undefined disposed:false
300 silly fetch manifest estraverse@^5.2.0
301 silly packumentCache full:https://registry.npmjs.org/estraverse cache-miss
302 http fetch GET 200 https://registry.npmjs.org/@types%2fjson-schema 54ms (cache miss)
303 silly packumentCache full:https://registry.npmjs.org/@types%2fjson-schema set size:undefined disposed:false
304 silly fetch manifest acorn@^8.16.0
305 silly packumentCache full:https://registry.npmjs.org/acorn cache-miss
306 http fetch GET 200 https://registry.npmjs.org/@humanfs%2ftypes 56ms (cache miss)
307 silly packumentCache full:https://registry.npmjs.org/@humanfs%2ftypes set size:undefined disposed:false
308 silly fetch manifest acorn-jsx@^5.3.2
309 silly packumentCache full:https://registry.npmjs.org/acorn-jsx cache-miss
310 http fetch GET 200 https://registry.npmjs.org/@humanfs%2fcore 57ms (cache miss)
311 silly packumentCache full:https://registry.npmjs.org/@humanfs%2fcore set size:undefined disposed:false
312 silly fetch manifest estraverse@^5.1.0
313 silly packumentCache full:https://registry.npmjs.org/estraverse cache-miss
314 http fetch GET 200 https://registry.npmjs.org/path-key 44ms (cache miss)
315 silly packumentCache full:https://registry.npmjs.org/path-key set size:undefined disposed:false
316 silly fetch manifest flat-cache@^4.0.0
317 silly packumentCache full:https://registry.npmjs.org/flat-cache cache-miss
318 http fetch GET 200 https://registry.npmjs.org/shebang-command 45ms (cache miss)
319 silly packumentCache full:https://registry.npmjs.org/shebang-command set size:undefined disposed:false
320 silly fetch manifest locate-path@^6.0.0
321 silly packumentCache full:https://registry.npmjs.org/locate-path cache-miss
322 http fetch GET 200 https://registry.npmjs.org/which 50ms (cache miss)
323 silly packumentCache full:https://registry.npmjs.org/which set size:undefined disposed:false
324 silly fetch manifest path-exists@^4.0.0
325 silly packumentCache full:https://registry.npmjs.org/path-exists cache-miss
326 http fetch GET 200 https://registry.npmjs.org/ms 38ms (cache miss)
327 silly packumentCache full:https://registry.npmjs.org/ms set size:undefined disposed:false
328 silly fetch manifest is-glob@^4.0.3
329 silly packumentCache full:https://registry.npmjs.org/is-glob cache-miss
330 http fetch GET 200 https://registry.npmjs.org/@types%2fesrecurse 36ms (cache miss)
331 silly packumentCache full:https://registry.npmjs.org/@types%2fesrecurse set size:undefined disposed:false
332 silly fetch manifest is-extglob@^2.1.1
333 silly packumentCache full:https://registry.npmjs.org/is-extglob cache-miss
334 http cache https://registry.npmjs.org/is-glob 5ms (cache hit)
335 silly packumentCache full:https://registry.npmjs.org/is-glob set size:40530 disposed:false
336 silly fetch manifest brace-expansion@^5.0.5
337 silly packumentCache full:https://registry.npmjs.org/brace-expansion cache-miss
338 http fetch GET 200 https://registry.npmjs.org/esrecurse 41ms (cache miss)
339 silly packumentCache full:https://registry.npmjs.org/esrecurse set size:undefined disposed:false
340 silly fetch manifest prelude-ls@^1.2.1
341 silly packumentCache full:https://registry.npmjs.org/prelude-ls cache-miss
342 http fetch GET 200 https://registry.npmjs.org/acorn-jsx 32ms (cache miss)
343 silly packumentCache full:https://registry.npmjs.org/acorn-jsx set size:undefined disposed:false
344 silly fetch manifest deep-is@^0.1.3
345 silly packumentCache full:https://registry.npmjs.org/deep-is cache-miss
346 http fetch GET 200 https://registry.npmjs.org/path-exists 31ms (cache miss)
347 silly packumentCache full:https://registry.npmjs.org/path-exists set size:undefined disposed:false
348 silly fetch manifest word-wrap@^1.2.5
349 silly packumentCache full:https://registry.npmjs.org/word-wrap cache-miss
350 http fetch GET 200 https://registry.npmjs.org/locate-path 36ms (cache miss)
351 silly packumentCache full:https://registry.npmjs.org/locate-path set size:undefined disposed:false
352 silly fetch manifest type-check@^0.4.0
353 silly packumentCache full:https://registry.npmjs.org/type-check cache-miss
354 http fetch GET 200 https://registry.npmjs.org/flat-cache 44ms (cache miss)
355 silly packumentCache full:https://registry.npmjs.org/flat-cache set size:undefined disposed:false
356 silly fetch manifest fast-levenshtein@^2.0.6
357 silly packumentCache full:https://registry.npmjs.org/fast-levenshtein cache-miss
358 http fetch GET 200 https://registry.npmjs.org/is-extglob 35ms (cache miss)
359 silly packumentCache full:https://registry.npmjs.org/is-extglob set size:undefined disposed:false
360 http fetch GET 200 https://registry.npmjs.org/brace-expansion 33ms (cache miss)
361 silly packumentCache full:https://registry.npmjs.org/brace-expansion set size:undefined disposed:false
362 http fetch GET 200 https://registry.npmjs.org/prelude-ls 38ms (cache miss)
363 silly packumentCache full:https://registry.npmjs.org/prelude-ls set size:undefined disposed:false
364 http fetch GET 200 https://registry.npmjs.org/deep-is 32ms (cache miss)
365 silly packumentCache full:https://registry.npmjs.org/deep-is set size:undefined disposed:false
366 http fetch GET 200 https://registry.npmjs.org/fast-levenshtein 32ms (cache miss)
367 silly packumentCache full:https://registry.npmjs.org/fast-levenshtein set size:undefined disposed:false
368 http fetch GET 200 https://registry.npmjs.org/@eslint%2fobject-schema 232ms (cache miss)
369 silly packumentCache full:https://registry.npmjs.org/@eslint%2fobject-schema set size:undefined disposed:false
370 http fetch GET 200 https://registry.npmjs.org/estraverse 210ms (cache miss)
371 silly packumentCache full:https://registry.npmjs.org/estraverse set size:undefined disposed:false
372 http fetch GET 200 https://registry.npmjs.org/estraverse 203ms (cache miss)
373 silly packumentCache full:https://registry.npmjs.org/estraverse set size:undefined disposed:false
374 http fetch GET 200 https://registry.npmjs.org/acorn 225ms (cache miss)
375 silly packumentCache full:https://registry.npmjs.org/acorn set size:undefined disposed:false
376 http fetch GET 200 https://registry.npmjs.org/type-check 204ms (cache miss)
377 silly packumentCache full:https://registry.npmjs.org/type-check set size:undefined disposed:false
378 http fetch GET 200 https://registry.npmjs.org/word-wrap 211ms (cache miss)
379 silly packumentCache full:https://registry.npmjs.org/word-wrap set size:undefined disposed:false
380 silly placeDep node_modules/@eslint-community/eslint-utils eslint-visitor-keys@3.4.3 OK for: @eslint-community/eslint-utils@4.9.1 want: ^3.4.3
381 silly placeDep ROOT @eslint/object-schema@3.0.5 OK for: @eslint/config-array@0.23.5 want: ^3.0.5
382 silly placeDep ROOT @types/json-schema@7.0.15 OK for: @eslint/core@1.2.1 want: ^7.0.15
383 silly placeDep ROOT levn@0.4.1 OK for: @eslint/plugin-kit@0.7.1 want: ^0.4.1
384 silly fetch manifest type-check@~0.4.0
385 silly packumentCache full:https://registry.npmjs.org/type-check cache-miss
386 http cache https://registry.npmjs.org/type-check 3ms (cache hit)
387 silly packumentCache full:https://registry.npmjs.org/type-check set size:21221 disposed:false
388 silly placeDep ROOT @humanfs/core@0.19.2 OK for: @humanfs/node@0.16.8 want: ^0.19.2
389 silly placeDep ROOT @humanfs/types@0.15.0 OK for: @humanfs/node@0.16.8 want: ^0.15.0
390 silly placeDep ROOT fast-json-stable-stringify@2.1.0 OK for: ajv@6.15.0 want: ^2.0.0
391 silly placeDep ROOT json-schema-traverse@0.4.1 OK for: ajv@6.15.0 want: ^0.4.1
392 silly placeDep ROOT uri-js@4.4.1 OK for: ajv@6.15.0 want: ^4.2.2
393 silly fetch manifest punycode@^2.1.0
394 silly packumentCache full:https://registry.npmjs.org/punycode cache-miss
395 http fetch GET 200 https://registry.npmjs.org/punycode 29ms (cache miss)
396 silly packumentCache full:https://registry.npmjs.org/punycode set size:undefined disposed:false
397 silly placeDep ROOT path-key@3.1.1 OK for: cross-spawn@7.0.6 want: ^3.1.0
398 silly placeDep ROOT shebang-command@2.0.0 OK for: cross-spawn@7.0.6 want: ^2.0.0
399 silly placeDep ROOT which@2.0.2 OK for: cross-spawn@7.0.6 want: ^2.0.1
400 silly fetch manifest shebang-regex@^3.0.0
401 silly packumentCache full:https://registry.npmjs.org/shebang-regex cache-miss
402 silly fetch manifest isexe@^2.0.0
403 silly packumentCache full:https://registry.npmjs.org/isexe cache-miss
404 http fetch GET 200 https://registry.npmjs.org/shebang-regex 33ms (cache miss)
405 silly packumentCache full:https://registry.npmjs.org/shebang-regex set size:undefined disposed:false
406 http fetch GET 200 https://registry.npmjs.org/isexe 38ms (cache miss)
407 silly packumentCache full:https://registry.npmjs.org/isexe set size:undefined disposed:false
408 silly placeDep ROOT ms@2.1.3 OK for: debug@4.4.3 want: ^2.1.3
409 silly fetch manifest eslint@>=9.0.0
410 silly packumentCache full:https://registry.npmjs.org/eslint cache-miss
411 http cache https://registry.npmjs.org/eslint 5ms (cache hit)
412 silly packumentCache full:https://registry.npmjs.org/eslint set size:1990528 disposed:false
413 silly fetch manifest typescript@>=3.3.1
414 silly packumentCache full:https://registry.npmjs.org/typescript cache-miss
415 http cache https://registry.npmjs.org/typescript 25ms (cache hit)
416 silly packumentCache full:https://registry.npmjs.org/typescript set size:15409943 disposed:false
417 silly fetch manifest eslint@^3 || ^4 || ^5 || ^6 || ^7 || ^8 || ^9.7
418 silly packumentCache full:https://registry.npmjs.org/eslint cache-miss
419 http cache https://registry.npmjs.org/eslint 6ms (cache hit)
420 silly packumentCache full:https://registry.npmjs.org/eslint set size:1990528 disposed:false
421 silly fetch manifest eslint@^2 || ^3 || ^4 || ^5 || ^6 || ^7.2.0 || ^8 || ^9
422 silly packumentCache full:https://registry.npmjs.org/eslint cache-miss
423 http cache https://registry.npmjs.org/eslint 6ms (cache hit)
424 silly packumentCache full:https://registry.npmjs.org/eslint set size:1990528 disposed:false
425 silly fetch manifest eslint@^3 || ^4 || ^5 || ^6 || ^7 || ^8 || ^9
426 silly packumentCache full:https://registry.npmjs.org/eslint cache-miss
427 http cache https://registry.npmjs.org/eslint 6ms (cache hit)
428 silly packumentCache full:https://registry.npmjs.org/eslint set size:1990528 disposed:false
429 silly fetch manifest eslint-plugin-import-x@*
430 silly packumentCache full:https://registry.npmjs.org/eslint-plugin-import-x cache-miss
431 http fetch GET 200 https://registry.npmjs.org/eslint-plugin-import-x 41ms (cache miss)
432 silly packumentCache full:https://registry.npmjs.org/eslint-plugin-import-x set size:undefined disposed:false
433 silly fetch manifest @typescript-eslint/utils@^8.56.0
434 silly packumentCache full:https://registry.npmjs.org/@typescript-eslint%2futils cache-miss
435 http fetch GET 200 https://registry.npmjs.org/@typescript-eslint%2futils 261ms (cache miss)
436 silly packumentCache full:https://registry.npmjs.org/@typescript-eslint%2futils set size:undefined disposed:false
437 silly placeDep ROOT @next/eslint-plugin-next@16.2.6 OK for: eslint-config-next@16.2.6 want: 16.2.6
438 silly placeDep ROOT eslint-import-resolver-node@0.3.10 OK for: eslint-config-next@16.2.6 want: ^0.3.6
439 silly placeDep ROOT eslint-import-resolver-typescript@3.10.1 OK for: eslint-config-next@16.2.6 want: ^3.5.2
440 silly placeDep ROOT eslint-plugin-import@2.32.0 OK for: eslint-config-next@16.2.6 want: ^2.32.0
441 silly placeDep ROOT eslint@9.39.4 REPLACE for: eslint-plugin-import@2.32.0 want: ^2 || ^3 || ^4 || ^5 || ^6 || ^7.2.0 || ^8 || ^9
442 silly placeDep ROOT eslint-plugin-jsx-a11y@6.10.2 OK for: eslint-config-next@16.2.6 want: ^6.10.0
443 silly placeDep ROOT eslint-plugin-react@7.37.5 OK for: eslint-config-next@16.2.6 want: ^7.37.0
444 silly placeDep ROOT eslint-plugin-react-hooks@7.1.1 OK for: eslint-config-next@16.2.6 want: ^7.0.0
445 silly placeDep ROOT globals@16.4.0 OK for: eslint-config-next@16.2.6 want: 16.4.0
446 silly placeDep ROOT typescript-eslint@8.59.3 OK for: eslint-config-next@16.2.6 want: ^8.46.0
447 silly fetch manifest fast-glob@3.3.1
448 silly packumentCache full:https://registry.npmjs.org/fast-glob cache-miss
449 silly fetch manifest debug@^3.2.7
450 silly packumentCache full:https://registry.npmjs.org/debug cache-hit
451 silly fetch manifest is-core-module@^2.16.1
452 silly packumentCache full:https://registry.npmjs.org/is-core-module cache-miss
453 silly fetch manifest resolve@^2.0.0-next.6
454 silly packumentCache full:https://registry.npmjs.org/resolve cache-miss
455 silly fetch manifest tinyglobby@^0.2.13
456 silly packumentCache full:https://registry.npmjs.org/tinyglobby cache-miss
457 silly fetch manifest stable-hash@^0.0.5
458 silly packumentCache full:https://registry.npmjs.org/stable-hash cache-miss
459 silly fetch manifest get-tsconfig@^4.10.0
460 silly packumentCache full:https://registry.npmjs.org/get-tsconfig cache-miss
461 silly fetch manifest is-bun-module@^2.0.0
462 silly packumentCache full:https://registry.npmjs.org/is-bun-module cache-miss
463 silly fetch manifest unrs-resolver@^1.6.2
464 silly packumentCache full:https://registry.npmjs.org/unrs-resolver cache-miss
465 silly fetch manifest @nolyfill/is-core-module@1.0.39
466 silly packumentCache full:https://registry.npmjs.org/@nolyfill%2fis-core-module cache-miss
467 silly fetch manifest @rtsao/scc@^1.1.0
468 silly packumentCache full:https://registry.npmjs.org/@rtsao%2fscc cache-miss
469 silly fetch manifest array-includes@^3.1.9
470 silly packumentCache full:https://registry.npmjs.org/array-includes cache-miss
471 http fetch GET 200 https://registry.npmjs.org/is-bun-module 35ms (cache miss)
472 silly packumentCache full:https://registry.npmjs.org/is-bun-module set size:undefined disposed:false
473 silly fetch manifest array.prototype.findlastindex@^1.2.6
474 silly packumentCache full:https://registry.npmjs.org/array.prototype.findlastindex cache-miss
475 http fetch GET 200 https://registry.npmjs.org/tinyglobby 37ms (cache miss)
476 silly packumentCache full:https://registry.npmjs.org/tinyglobby set size:undefined disposed:false
477 silly fetch manifest array.prototype.flat@^1.3.3
478 silly packumentCache full:https://registry.npmjs.org/array.prototype.flat cache-miss
479 http fetch GET 200 https://registry.npmjs.org/is-core-module 43ms (cache miss)
480 silly packumentCache full:https://registry.npmjs.org/is-core-module set size:undefined disposed:false
481 silly fetch manifest array.prototype.flatmap@^1.3.3
482 silly packumentCache full:https://registry.npmjs.org/array.prototype.flatmap cache-miss
483 http fetch GET 200 https://registry.npmjs.org/get-tsconfig 50ms (cache miss)
484 silly packumentCache full:https://registry.npmjs.org/get-tsconfig set size:undefined disposed:false
485 silly fetch manifest doctrine@^2.1.0
486 silly packumentCache full:https://registry.npmjs.org/doctrine cache-miss
487 http fetch GET 200 https://registry.npmjs.org/array-includes 53ms (cache miss)
488 silly packumentCache full:https://registry.npmjs.org/array-includes set size:undefined disposed:false
489 silly fetch manifest eslint-module-utils@^2.12.1
490 silly packumentCache full:https://registry.npmjs.org/eslint-module-utils cache-miss
491 http fetch GET 200 https://registry.npmjs.org/fast-glob 60ms (cache miss)
492 silly packumentCache full:https://registry.npmjs.org/fast-glob set size:undefined disposed:false
493 silly fetch manifest hasown@^2.0.2
494 silly packumentCache full:https://registry.npmjs.org/hasown cache-miss
495 http fetch GET 200 https://registry.npmjs.org/unrs-resolver 61ms (cache miss)
496 silly packumentCache full:https://registry.npmjs.org/unrs-resolver set size:undefined disposed:false
497 silly fetch manifest minimatch@^3.1.2
498 silly packumentCache full:https://registry.npmjs.org/minimatch cache-miss
499 http fetch GET 200 https://registry.npmjs.org/resolve 64ms (cache miss)
500 silly packumentCache full:https://registry.npmjs.org/resolve set size:undefined disposed:false
501 silly fetch manifest object.fromentries@^2.0.8
502 silly packumentCache full:https://registry.npmjs.org/object.fromentries cache-miss
503 http cache https://registry.npmjs.org/minimatch 9ms (cache hit)
504 silly packumentCache full:https://registry.npmjs.org/minimatch set size:375282 disposed:false
505 silly fetch manifest object.groupby@^1.0.3
506 silly packumentCache full:https://registry.npmjs.org/object.groupby cache-miss
507 http fetch GET 200 https://registry.npmjs.org/array.prototype.flat 41ms (cache miss)
508 silly packumentCache full:https://registry.npmjs.org/array.prototype.flat set size:undefined disposed:false
509 silly fetch manifest object.values@^1.2.1
510 silly packumentCache full:https://registry.npmjs.org/object.values cache-miss
511 http fetch GET 200 https://registry.npmjs.org/array.prototype.flatmap 38ms (cache miss)
512 silly packumentCache full:https://registry.npmjs.org/array.prototype.flatmap set size:undefined disposed:false
513 silly fetch manifest semver@^6.3.1
514 silly packumentCache full:https://registry.npmjs.org/semver cache-miss
515 http cache https://registry.npmjs.org/semver 4ms (cache hit)
516 silly packumentCache full:https://registry.npmjs.org/semver set size:233058 disposed:false
517 silly fetch manifest string.prototype.trimend@^1.0.9
518 silly packumentCache full:https://registry.npmjs.org/string.prototype.trimend cache-miss
519 http fetch GET 200 https://registry.npmjs.org/doctrine 38ms (cache miss)
520 silly packumentCache full:https://registry.npmjs.org/doctrine set size:undefined disposed:false
521 silly fetch manifest tsconfig-paths@^3.15.0
522 silly packumentCache full:https://registry.npmjs.org/tsconfig-paths cache-miss
523 http fetch GET 200 https://registry.npmjs.org/hasown 35ms (cache miss)
524 silly packumentCache full:https://registry.npmjs.org/hasown set size:undefined disposed:false
525 silly fetch manifest chalk@^4.0.0
526 silly packumentCache full:https://registry.npmjs.org/chalk cache-miss
527 http fetch GET 200 https://registry.npmjs.org/object.fromentries 35ms (cache miss)
528 silly packumentCache full:https://registry.npmjs.org/object.fromentries set size:undefined disposed:false
529 silly fetch manifest espree@^10.4.0
530 silly packumentCache full:https://registry.npmjs.org/espree cache-miss
531 http cache https://registry.npmjs.org/espree 3ms (cache hit)
532 silly packumentCache full:https://registry.npmjs.org/espree set size:326080 disposed:false
533 silly fetch manifest minimatch@^3.1.5
534 silly packumentCache full:https://registry.npmjs.org/minimatch cache-hit
535 silly fetch manifest @eslint/js@9.39.4
536 silly packumentCache full:https://registry.npmjs.org/@eslint%2fjs cache-miss
537 http fetch GET 200 https://registry.npmjs.org/object.values 37ms (cache miss)
538 silly packumentCache full:https://registry.npmjs.org/object.values set size:undefined disposed:false
539 silly fetch manifest @eslint/core@^0.17.0
540 silly packumentCache full:https://registry.npmjs.org/@eslint%2fcore cache-miss
541 http cache https://registry.npmjs.org/@eslint%2fcore 4ms (cache hit)
542 silly packumentCache full:https://registry.npmjs.org/@eslint%2fcore set size:58023 disposed:false
543 silly fetch manifest eslint-scope@^8.4.0
544 silly packumentCache full:https://registry.npmjs.org/eslint-scope cache-miss
545 http fetch GET 200 https://registry.npmjs.org/string.prototype.trimend 34ms (cache miss)
546 silly packumentCache full:https://registry.npmjs.org/string.prototype.trimend set size:undefined disposed:false
547 silly fetch manifest lodash.merge@^4.6.2
548 silly packumentCache full:https://registry.npmjs.org/lodash.merge cache-miss
549 http cache https://registry.npmjs.org/eslint-scope 6ms (cache hit)
550 silly packumentCache full:https://registry.npmjs.org/eslint-scope set size:98867 disposed:false
551 silly fetch manifest @eslint/eslintrc@^3.3.5
552 silly packumentCache full:https://registry.npmjs.org/@eslint%2feslintrc cache-miss
553 http fetch GET 200 https://registry.npmjs.org/tsconfig-paths 43ms (cache miss)
554 silly packumentCache full:https://registry.npmjs.org/tsconfig-paths set size:undefined disposed:false
555 silly fetch manifest @eslint/plugin-kit@^0.4.1
556 silly packumentCache full:https://registry.npmjs.org/@eslint%2fplugin-kit cache-miss
557 http cache https://registry.npmjs.org/@eslint%2fplugin-kit 3ms (cache hit)
558 silly packumentCache full:https://registry.npmjs.org/@eslint%2fplugin-kit set size:73270 disposed:false
559 silly fetch manifest eslint-visitor-keys@^4.2.1
560 silly packumentCache full:https://registry.npmjs.org/eslint-visitor-keys cache-hit
561 silly fetch manifest @eslint/config-array@^0.21.2
562 silly packumentCache full:https://registry.npmjs.org/@eslint%2fconfig-array cache-miss
563 http cache https://registry.npmjs.org/@eslint%2fconfig-array 3ms (cache hit)
564 silly packumentCache full:https://registry.npmjs.org/@eslint%2fconfig-array set size:74140 disposed:false
565 silly fetch manifest @eslint/config-helpers@^0.4.2
566 silly packumentCache full:https://registry.npmjs.org/@eslint%2fconfig-helpers cache-miss
567 http cache https://registry.npmjs.org/@eslint%2fconfig-helpers 3ms (cache hit)
568 silly packumentCache full:https://registry.npmjs.org/@eslint%2fconfig-helpers set size:52610 disposed:false
569 silly fetch manifest aria-query@^5.3.2
570 silly packumentCache full:https://registry.npmjs.org/aria-query cache-miss
571 http fetch GET 200 https://registry.npmjs.org/@eslint%2fjs 54ms (cache miss)
572 silly packumentCache full:https://registry.npmjs.org/@eslint%2fjs set size:undefined disposed:false
573 silly fetch manifest array-includes@^3.1.8
574 silly packumentCache full:https://registry.npmjs.org/array-includes cache-miss
575 http cache https://registry.npmjs.org/array-includes 3ms (cache hit)
576 silly packumentCache full:https://registry.npmjs.org/array-includes set size:77143 disposed:false
577 silly fetch manifest array.prototype.flatmap@^1.3.2
578 silly packumentCache full:https://registry.npmjs.org/array.prototype.flatmap cache-miss
579 http cache https://registry.npmjs.org/array.prototype.flatmap 3ms (cache hit)
580 silly packumentCache full:https://registry.npmjs.org/array.prototype.flatmap set size:51458 disposed:false
581 silly fetch manifest ast-types-flow@^0.0.8
582 silly packumentCache full:https://registry.npmjs.org/ast-types-flow cache-miss
583 http fetch GET 200 https://registry.npmjs.org/aria-query 33ms (cache miss)
584 silly packumentCache full:https://registry.npmjs.org/aria-query set size:undefined disposed:false
585 silly fetch manifest axe-core@^4.10.0
586 silly packumentCache full:https://registry.npmjs.org/axe-core cache-miss
587 http fetch GET 200 https://registry.npmjs.org/stable-hash 202ms (cache miss)
588 silly packumentCache full:https://registry.npmjs.org/stable-hash set size:undefined disposed:false
589 silly fetch manifest axobject-query@^4.1.0
590 silly packumentCache full:https://registry.npmjs.org/axobject-query cache-miss
591 http fetch GET 200 https://registry.npmjs.org/ast-types-flow 36ms (cache miss)
592 silly packumentCache full:https://registry.npmjs.org/ast-types-flow set size:undefined disposed:false
593 silly fetch manifest damerau-levenshtein@^1.0.8
594 silly packumentCache full:https://registry.npmjs.org/damerau-levenshtein cache-miss
595 http fetch GET 200 https://registry.npmjs.org/axobject-query 33ms (cache miss)
596 silly packumentCache full:https://registry.npmjs.org/axobject-query set size:undefined disposed:false
597 silly fetch manifest emoji-regex@^9.2.2
598 silly packumentCache full:https://registry.npmjs.org/emoji-regex cache-miss
599 http fetch GET 200 https://registry.npmjs.org/damerau-levenshtein 33ms (cache miss)
600 silly packumentCache full:https://registry.npmjs.org/damerau-levenshtein set size:undefined disposed:false
601 silly fetch manifest jsx-ast-utils@^3.3.5
602 silly packumentCache full:https://registry.npmjs.org/jsx-ast-utils cache-miss
603 http fetch GET 200 https://registry.npmjs.org/array.prototype.findlastindex 211ms (cache miss)
604 silly packumentCache full:https://registry.npmjs.org/array.prototype.findlastindex set size:undefined disposed:false
605 silly fetch manifest language-tags@^1.0.9
606 silly packumentCache full:https://registry.npmjs.org/language-tags cache-miss
607 http fetch GET 200 https://registry.npmjs.org/eslint-module-utils 228ms (cache miss)
608 silly packumentCache full:https://registry.npmjs.org/eslint-module-utils set size:undefined disposed:false
609 silly fetch manifest safe-regex-test@^1.0.3
610 silly packumentCache full:https://registry.npmjs.org/safe-regex-test cache-miss
611 http fetch GET 200 https://registry.npmjs.org/emoji-regex 81ms (cache miss)
612 silly packumentCache full:https://registry.npmjs.org/emoji-regex set size:undefined disposed:false
613 silly fetch manifest string.prototype.includes@^2.0.1
614 silly packumentCache full:https://registry.npmjs.org/string.prototype.includes cache-miss
615 http fetch GET 200 https://registry.npmjs.org/language-tags 73ms (cache miss)
616 silly packumentCache full:https://registry.npmjs.org/language-tags set size:undefined disposed:false
617 silly fetch manifest array.prototype.findlast@^1.2.5
618 silly packumentCache full:https://registry.npmjs.org/array.prototype.findlast cache-miss
619 http fetch GET 200 https://registry.npmjs.org/jsx-ast-utils 82ms (cache miss)
620 silly packumentCache full:https://registry.npmjs.org/jsx-ast-utils set size:undefined disposed:false
621 silly fetch manifest array.prototype.tosorted@^1.1.4
622 silly packumentCache full:https://registry.npmjs.org/array.prototype.tosorted cache-miss
623 http fetch GET 200 https://registry.npmjs.org/object.groupby 254ms (cache miss)
624 silly packumentCache full:https://registry.npmjs.org/object.groupby set size:undefined disposed:false
625 silly fetch manifest es-iterator-helpers@^1.2.1
626 silly packumentCache full:https://registry.npmjs.org/es-iterator-helpers cache-miss
627 http fetch GET 200 https://registry.npmjs.org/safe-regex-test 77ms (cache miss)
628 silly packumentCache full:https://registry.npmjs.org/safe-regex-test set size:undefined disposed:false
629 silly fetch manifest estraverse@^5.3.0
630 silly packumentCache full:https://registry.npmjs.org/estraverse cache-miss
631 http fetch GET 200 https://registry.npmjs.org/lodash.merge 241ms (cache miss)
632 silly packumentCache full:https://registry.npmjs.org/lodash.merge set size:undefined disposed:false
633 silly fetch manifest jsx-ast-utils@^2.4.1 || ^3.0.0
634 silly packumentCache full:https://registry.npmjs.org/jsx-ast-utils cache-miss
635 http fetch GET 200 https://registry.npmjs.org/string.prototype.includes 49ms (cache miss)
636 silly packumentCache full:https://registry.npmjs.org/string.prototype.includes set size:undefined disposed:false
637 silly fetch manifest object.entries@^1.1.9
638 silly packumentCache full:https://registry.npmjs.org/object.entries cache-miss
639 http fetch GET 200 https://registry.npmjs.org/array.prototype.findlast 47ms (cache miss)
640 silly packumentCache full:https://registry.npmjs.org/array.prototype.findlast set size:undefined disposed:false
641 silly fetch manifest prop-types@^15.8.1
642 silly packumentCache full:https://registry.npmjs.org/prop-types cache-miss
643 http fetch GET 200 https://registry.npmjs.org/chalk 274ms (cache miss)
644 silly packumentCache full:https://registry.npmjs.org/chalk set size:undefined disposed:false
645 silly fetch manifest resolve@^2.0.0-next.5
646 silly packumentCache full:https://registry.npmjs.org/resolve cache-miss
647 http cache https://registry.npmjs.org/estraverse 12ms (cache hit)
648 silly packumentCache full:https://registry.npmjs.org/estraverse set size:62412 disposed:false
649 silly fetch manifest string.prototype.matchall@^4.0.12
650 silly packumentCache full:https://registry.npmjs.org/string.prototype.matchall cache-miss
651 http cache https://registry.npmjs.org/jsx-ast-utils 11ms (cache hit)
652 silly packumentCache full:https://registry.npmjs.org/jsx-ast-utils set size:115998 disposed:false
653 silly fetch manifest string.prototype.repeat@^1.0.0
654 silly packumentCache full:https://registry.npmjs.org/string.prototype.repeat cache-miss
655 http fetch GET 200 https://registry.npmjs.org/axe-core 196ms (cache miss)
656 silly packumentCache full:https://registry.npmjs.org/axe-core set size:undefined disposed:false
657 silly fetch manifest zod@^3.25.0 || ^4.0.0
658 silly packumentCache full:https://registry.npmjs.org/zod cache-miss
659 http cache https://registry.npmjs.org/resolve 61ms (cache hit)
660 silly packumentCache full:https://registry.npmjs.org/resolve set size:252941 disposed:false
661 silly fetch manifest @babel/core@^7.24.4
662 silly packumentCache full:https://registry.npmjs.org/@babel%2fcore cache-miss
663 http fetch GET 200 https://registry.npmjs.org/object.entries 74ms (cache miss)
664 silly packumentCache full:https://registry.npmjs.org/object.entries set size:undefined disposed:false
665 silly fetch manifest @babel/parser@^7.24.4
666 silly packumentCache full:https://registry.npmjs.org/@babel%2fparser cache-miss
667 http fetch GET 200 https://registry.npmjs.org/string.prototype.matchall 68ms (cache miss)
668 silly packumentCache full:https://registry.npmjs.org/string.prototype.matchall set size:undefined disposed:false
669 silly fetch manifest hermes-parser@^0.25.1
670 silly packumentCache full:https://registry.npmjs.org/hermes-parser cache-miss
671 http fetch GET 200 https://registry.npmjs.org/prop-types 77ms (cache miss)
672 silly packumentCache full:https://registry.npmjs.org/prop-types set size:undefined disposed:false
673 silly fetch manifest zod-validation-error@^3.5.0 || ^4.0.0
674 silly packumentCache full:https://registry.npmjs.org/zod-validation-error cache-miss
675 http fetch GET 200 https://registry.npmjs.org/@nolyfill%2fis-core-module 462ms (cache miss)
676 silly packumentCache full:https://registry.npmjs.org/@nolyfill%2fis-core-module set size:undefined disposed:false
677 silly fetch manifest @typescript-eslint/utils@8.59.3
678 silly packumentCache full:https://registry.npmjs.org/@typescript-eslint%2futils cache-miss
679 http cache https://registry.npmjs.org/@typescript-eslint%2futils 18ms (cache hit)
680 silly packumentCache full:https://registry.npmjs.org/@typescript-eslint%2futils set size:10096019 disposed:false
681 silly fetch manifest @typescript-eslint/parser@8.59.3
682 silly packumentCache full:https://registry.npmjs.org/@typescript-eslint%2fparser cache-miss
683 http fetch GET 200 https://registry.npmjs.org/array.prototype.tosorted 232ms (cache miss)
684 silly packumentCache full:https://registry.npmjs.org/array.prototype.tosorted set size:undefined disposed:false
685 silly fetch manifest @typescript-eslint/eslint-plugin@8.59.3
686 silly packumentCache full:https://registry.npmjs.org/@typescript-eslint%2feslint-plugin cache-miss
687 http fetch GET 200 https://registry.npmjs.org/hermes-parser 117ms (cache miss)
688 silly packumentCache full:https://registry.npmjs.org/hermes-parser set size:undefined disposed:false
689 silly fetch manifest @typescript-eslint/typescript-estree@8.59.3
690 silly packumentCache full:https://registry.npmjs.org/@typescript-eslint%2ftypescript-estree cache-miss
691 http fetch GET 200 https://registry.npmjs.org/zod-validation-error 117ms (cache miss)
692 silly packumentCache full:https://registry.npmjs.org/zod-validation-error set size:undefined disposed:false
693 http fetch GET 200 https://registry.npmjs.org/@eslint%2feslintrc 443ms (cache miss)
694 silly packumentCache full:https://registry.npmjs.org/@eslint%2feslintrc set size:undefined disposed:false
695 http fetch GET 200 https://registry.npmjs.org/es-iterator-helpers 247ms (cache miss)
696 silly packumentCache full:https://registry.npmjs.org/es-iterator-helpers set size:undefined disposed:false
697 http fetch GET 200 https://registry.npmjs.org/@babel%2fcore 143ms (cache miss)
698 silly packumentCache full:https://registry.npmjs.org/@babel%2fcore set size:undefined disposed:false
699 http fetch GET 200 https://registry.npmjs.org/zod 167ms (cache miss)
700 silly packumentCache full:https://registry.npmjs.org/zod set size:undefined disposed:false
701 http fetch GET 200 https://registry.npmjs.org/string.prototype.repeat 281ms (cache miss)
702 silly packumentCache full:https://registry.npmjs.org/string.prototype.repeat set size:undefined disposed:false
703 http fetch GET 200 https://registry.npmjs.org/@rtsao%2fscc 864ms (cache miss)
704 silly packumentCache full:https://registry.npmjs.org/@rtsao%2fscc set size:undefined disposed:false
705 http fetch GET 200 https://registry.npmjs.org/@typescript-eslint%2feslint-plugin 498ms (cache miss)
706 silly packumentCache full:https://registry.npmjs.org/@typescript-eslint%2feslint-plugin set size:undefined disposed:false
707 http fetch GET 200 https://registry.npmjs.org/@babel%2fparser 787ms (cache miss)
708 silly packumentCache full:https://registry.npmjs.org/@babel%2fparser set size:undefined disposed:false
709 http fetch GET 200 https://registry.npmjs.org/@typescript-eslint%2fparser 972ms (cache miss)
710 silly packumentCache full:https://registry.npmjs.org/@typescript-eslint%2fparser set size:undefined disposed:false
711 http fetch GET 200 https://registry.npmjs.org/@typescript-eslint%2ftypescript-estree 1052ms (cache miss)
712 silly packumentCache full:https://registry.npmjs.org/@typescript-eslint%2ftypescript-estree set size:undefined disposed:false
713 silly placeDep ROOT fast-glob@3.3.1 OK for: @next/eslint-plugin-next@16.2.6 want: 3.3.1
714 silly fetch manifest merge2@^1.3.0
715 silly packumentCache full:https://registry.npmjs.org/merge2 cache-miss
716 silly fetch manifest micromatch@^4.0.4
717 silly packumentCache full:https://registry.npmjs.org/micromatch cache-miss
718 silly fetch manifest glob-parent@^5.1.2
719 silly packumentCache full:https://registry.npmjs.org/glob-parent cache-miss
720 silly fetch manifest @nodelib/fs.stat@^2.0.2
721 silly packumentCache full:https://registry.npmjs.org/@nodelib%2ffs.stat cache-miss
722 silly fetch manifest @nodelib/fs.walk@^1.2.3
723 silly packumentCache full:https://registry.npmjs.org/@nodelib%2ffs.walk cache-miss
724 http cache https://registry.npmjs.org/glob-parent 11ms (cache hit)
725 silly packumentCache full:https://registry.npmjs.org/glob-parent set size:42445 disposed:false
726 http fetch GET 200 https://registry.npmjs.org/merge2 46ms (cache miss)
727 silly packumentCache full:https://registry.npmjs.org/merge2 set size:undefined disposed:false
728 http fetch GET 200 https://registry.npmjs.org/micromatch 48ms (cache miss)
729 silly packumentCache full:https://registry.npmjs.org/micromatch set size:undefined disposed:false
730 http fetch GET 200 https://registry.npmjs.org/@nodelib%2ffs.walk 262ms (cache miss)
731 silly packumentCache full:https://registry.npmjs.org/@nodelib%2ffs.walk set size:undefined disposed:false
732 http fetch GET 200 https://registry.npmjs.org/@nodelib%2ffs.stat 274ms (cache miss)
733 silly packumentCache full:https://registry.npmjs.org/@nodelib%2ffs.stat set size:undefined disposed:false
734 silly placeDep ROOT @eslint/config-array@0.21.2 OK for: eslint@9.39.4 want: ^0.21.2
735 silly placeDep ROOT @eslint/config-helpers@0.4.2 OK for: eslint@9.39.4 want: ^0.4.2
736 silly placeDep ROOT @eslint/core@0.17.0 OK for: eslint@9.39.4 want: ^0.17.0
737 silly placeDep ROOT @eslint/eslintrc@3.3.5 OK for: eslint@9.39.4 want: ^3.3.5
738 silly placeDep ROOT @eslint/js@9.39.4 OK for: eslint@9.39.4 want: 9.39.4
739 silly placeDep ROOT @eslint/plugin-kit@0.4.1 OK for: eslint@9.39.4 want: ^0.4.1
740 silly placeDep ROOT @types/estree@1.0.9 OK for: eslint@9.39.4 want: ^1.0.6
741 silly placeDep ROOT chalk@4.1.2 OK for: eslint@9.39.4 want: ^4.0.0
742 silly placeDep ROOT eslint-scope@8.4.0 OK for: eslint@9.39.4 want: ^8.4.0
743 silly placeDep ROOT eslint-visitor-keys@4.2.1 OK for: eslint@9.39.4 want: ^4.2.1
744 silly placeDep ROOT espree@10.4.0 OK for: eslint@9.39.4 want: ^10.4.0
745 silly placeDep ROOT lodash.merge@4.6.2 OK for: eslint@9.39.4 want: ^4.6.2
746 silly placeDep ROOT minimatch@3.1.5 OK for: eslint@9.39.4 want: ^3.1.5
747 silly fetch manifest @eslint/object-schema@^2.1.7
748 silly packumentCache full:https://registry.npmjs.org/@eslint%2fobject-schema cache-miss
749 silly fetch manifest espree@^10.0.1
750 silly packumentCache full:https://registry.npmjs.org/espree cache-hit
751 silly fetch manifest globals@^14.0.0
752 silly packumentCache full:https://registry.npmjs.org/globals cache-miss
753 silly fetch manifest import-fresh@^3.2.1
754 silly packumentCache full:https://registry.npmjs.org/import-fresh cache-miss
755 silly fetch manifest js-yaml@^4.1.1
756 silly packumentCache full:https://registry.npmjs.org/js-yaml cache-miss
757 silly fetch manifest strip-json-comments@^3.1.1
758 silly packumentCache full:https://registry.npmjs.org/strip-json-comments cache-miss
759 silly fetch manifest ansi-styles@^4.1.0
760 silly packumentCache full:https://registry.npmjs.org/ansi-styles cache-miss
761 silly fetch manifest supports-color@^7.1.0
762 silly packumentCache full:https://registry.npmjs.org/supports-color cache-miss
763 silly fetch manifest acorn@^8.15.0
764 silly packumentCache full:https://registry.npmjs.org/acorn cache-miss
765 silly fetch manifest brace-expansion@^1.1.7
766 silly packumentCache full:https://registry.npmjs.org/brace-expansion cache-miss
767 http cache https://registry.npmjs.org/globals 14ms (cache hit)
768 silly packumentCache full:https://registry.npmjs.org/globals set size:315985 disposed:false
769 http cache https://registry.npmjs.org/brace-expansion 15ms (cache hit)
770 silly packumentCache full:https://registry.npmjs.org/brace-expansion set size:70654 disposed:false
771 http cache https://registry.npmjs.org/acorn 16ms (cache hit)
772 silly packumentCache full:https://registry.npmjs.org/acorn set size:379626 disposed:false
773 http cache https://registry.npmjs.org/@eslint%2fobject-schema 23ms (cache hit)
774 silly packumentCache full:https://registry.npmjs.org/@eslint%2fobject-schema set size:38535 disposed:false
775 http fetch GET 200 https://registry.npmjs.org/strip-json-comments 37ms (cache miss)
776 silly packumentCache full:https://registry.npmjs.org/strip-json-comments set size:undefined disposed:false
777 http fetch GET 200 https://registry.npmjs.org/import-fresh 40ms (cache miss)
778 silly packumentCache full:https://registry.npmjs.org/import-fresh set size:undefined disposed:false
779 http fetch GET 200 https://registry.npmjs.org/ansi-styles 45ms (cache miss)
780 silly packumentCache full:https://registry.npmjs.org/ansi-styles set size:undefined disposed:false
781 http fetch GET 200 https://registry.npmjs.org/supports-color 76ms (cache miss)
782 silly packumentCache full:https://registry.npmjs.org/supports-color set size:undefined disposed:false
783 http fetch GET 200 https://registry.npmjs.org/js-yaml 239ms (cache miss)
784 silly packumentCache full:https://registry.npmjs.org/js-yaml set size:undefined disposed:false
785 silly placeDep ROOT @eslint/object-schema@2.1.7 OK for: @eslint/config-array@0.21.2 want: ^2.1.7
786 silly placeDep ROOT @types/json-schema@7.0.15 OK for: @eslint/core@0.17.0 want: ^7.0.15
787 silly placeDep node_modules/@eslint/eslintrc globals@14.0.0 OK for: @eslint/eslintrc@3.3.5 want: ^14.0.0
788 silly placeDep ROOT import-fresh@3.3.1 OK for: @eslint/eslintrc@3.3.5 want: ^3.2.1
789 silly placeDep ROOT js-yaml@4.1.1 OK for: @eslint/eslintrc@3.3.5 want: ^4.1.1
790 silly placeDep ROOT strip-json-comments@3.1.1 OK for: @eslint/eslintrc@3.3.5 want: ^3.1.1
791 silly fetch manifest resolve-from@^4.0.0
792 silly packumentCache full:https://registry.npmjs.org/resolve-from cache-miss
793 silly fetch manifest parent-module@^1.0.0
794 silly packumentCache full:https://registry.npmjs.org/parent-module cache-miss
795 silly fetch manifest argparse@^2.0.1
796 silly packumentCache full:https://registry.npmjs.org/argparse cache-miss
797 http fetch GET 200 https://registry.npmjs.org/parent-module 34ms (cache miss)
798 silly packumentCache full:https://registry.npmjs.org/parent-module set size:undefined disposed:false
799 http fetch GET 200 https://registry.npmjs.org/argparse 35ms (cache miss)
800 silly packumentCache full:https://registry.npmjs.org/argparse set size:undefined disposed:false
801 http fetch GET 200 https://registry.npmjs.org/resolve-from 267ms (cache miss)
802 silly packumentCache full:https://registry.npmjs.org/resolve-from set size:undefined disposed:false
803 silly placeDep ROOT ansi-styles@4.3.0 OK for: chalk@4.1.2 want: ^4.1.0
804 silly placeDep ROOT supports-color@7.2.0 OK for: chalk@4.1.2 want: ^7.1.0
805 silly fetch manifest color-convert@^2.0.1
806 silly packumentCache full:https://registry.npmjs.org/color-convert cache-miss
807 silly fetch manifest has-flag@^4.0.0
808 silly packumentCache full:https://registry.npmjs.org/has-flag cache-miss
809 http fetch GET 200 https://registry.npmjs.org/has-flag 31ms (cache miss)
810 silly packumentCache full:https://registry.npmjs.org/has-flag set size:undefined disposed:false
811 http fetch GET 200 https://registry.npmjs.org/color-convert 37ms (cache miss)
812 silly packumentCache full:https://registry.npmjs.org/color-convert set size:undefined disposed:false
813 silly placeDep ROOT color-convert@2.0.1 OK for: ansi-styles@4.3.0 want: ^2.0.1
814 silly fetch manifest color-name@~1.1.4
815 silly packumentCache full:https://registry.npmjs.org/color-name cache-miss
816 http fetch GET 200 https://registry.npmjs.org/color-name 31ms (cache miss)
817 silly packumentCache full:https://registry.npmjs.org/color-name set size:undefined disposed:false
818 silly placeDep ROOT color-name@1.1.4 OK for: color-convert@2.0.1 want: ~1.1.4
819 silly placeDep node_modules/eslint-import-resolver-node debug@3.2.7 OK for: eslint-import-resolver-node@0.3.10 want: ^3.2.7
820 silly placeDep ROOT is-core-module@2.16.2 OK for: eslint-import-resolver-node@0.3.10 want: ^2.16.1
821 silly placeDep ROOT resolve@2.0.0-next.6 OK for: eslint-import-resolver-node@0.3.10 want: ^2.0.0-next.6
822 silly fetch manifest hasown@^2.0.3
823 silly packumentCache full:https://registry.npmjs.org/hasown cache-miss
824 silly fetch manifest es-errors@^1.3.0
825 silly packumentCache full:https://registry.npmjs.org/es-errors cache-miss
826 silly fetch manifest path-parse@^1.0.7
827 silly packumentCache full:https://registry.npmjs.org/path-parse cache-miss
828 silly fetch manifest object-keys@^1.1.1
829 silly packumentCache full:https://registry.npmjs.org/object-keys cache-miss
830 silly fetch manifest node-exports-info@^1.6.0
831 silly packumentCache full:https://registry.npmjs.org/node-exports-info cache-miss
832 silly fetch manifest supports-preserve-symlinks-flag@^1.0.0
833 silly packumentCache full:https://registry.npmjs.org/supports-preserve-symlinks-flag cache-miss
834 http cache https://registry.npmjs.org/hasown 7ms (cache hit)
835 silly packumentCache full:https://registry.npmjs.org/hasown set size:15429 disposed:false
836 http fetch GET 200 https://registry.npmjs.org/path-parse 31ms (cache miss)
837 silly packumentCache full:https://registry.npmjs.org/path-parse set size:undefined disposed:false
838 http fetch GET 200 https://registry.npmjs.org/supports-preserve-symlinks-flag 35ms (cache miss)
839 silly packumentCache full:https://registry.npmjs.org/supports-preserve-symlinks-flag set size:undefined disposed:false
840 http fetch GET 200 https://registry.npmjs.org/object-keys 35ms (cache miss)
841 silly packumentCache full:https://registry.npmjs.org/object-keys set size:undefined disposed:false
842 http fetch GET 200 https://registry.npmjs.org/es-errors 38ms (cache miss)
843 silly packumentCache full:https://registry.npmjs.org/es-errors set size:undefined disposed:false
844 http fetch GET 200 https://registry.npmjs.org/node-exports-info 47ms (cache miss)
845 silly packumentCache full:https://registry.npmjs.org/node-exports-info set size:undefined disposed:false
846 silly placeDep ROOT @nolyfill/is-core-module@1.0.39 OK for: eslint-import-resolver-typescript@3.10.1 want: 1.0.39
847 silly placeDep ROOT get-tsconfig@4.14.0 OK for: eslint-import-resolver-typescript@3.10.1 want: ^4.10.0
848 silly placeDep ROOT is-bun-module@2.0.0 OK for: eslint-import-resolver-typescript@3.10.1 want: ^2.0.0
849 silly placeDep ROOT stable-hash@0.0.5 OK for: eslint-import-resolver-typescript@3.10.1 want: ^0.0.5
850 silly placeDep ROOT tinyglobby@0.2.16 OK for: eslint-import-resolver-typescript@3.10.1 want: ^0.2.13
851 silly placeDep ROOT unrs-resolver@1.11.1 OK for: eslint-import-resolver-typescript@3.10.1 want: ^1.6.2
852 silly fetch manifest resolve-pkg-maps@^1.0.0
853 silly packumentCache full:https://registry.npmjs.org/resolve-pkg-maps cache-miss
854 silly fetch manifest fdir@^6.5.0
855 silly packumentCache full:https://registry.npmjs.org/fdir cache-miss
856 silly fetch manifest picomatch@^4.0.4
857 silly packumentCache full:https://registry.npmjs.org/picomatch cache-miss
858 silly fetch manifest napi-postinstall@^0.3.0
859 silly packumentCache full:https://registry.npmjs.org/napi-postinstall cache-miss
860 silly fetch manifest @unrs/resolver-binding-win32-x64-msvc@1.11.1
861 silly packumentCache full:https://registry.npmjs.org/@unrs%2fresolver-binding-win32-x64-msvc cache-miss
862 silly fetch manifest @unrs/resolver-binding-win32-arm64-msvc@1.11.1
863 silly packumentCache full:https://registry.npmjs.org/@unrs%2fresolver-binding-win32-arm64-msvc cache-miss
864 silly fetch manifest @unrs/resolver-binding-win32-ia32-msvc@1.11.1
865 silly packumentCache full:https://registry.npmjs.org/@unrs%2fresolver-binding-win32-ia32-msvc cache-miss
866 silly fetch manifest @unrs/resolver-binding-linux-x64-gnu@1.11.1
867 silly packumentCache full:https://registry.npmjs.org/@unrs%2fresolver-binding-linux-x64-gnu cache-miss
868 silly fetch manifest @unrs/resolver-binding-linux-x64-musl@1.11.1
869 silly packumentCache full:https://registry.npmjs.org/@unrs%2fresolver-binding-linux-x64-musl cache-miss
870 silly fetch manifest @unrs/resolver-binding-freebsd-x64@1.11.1
871 silly packumentCache full:https://registry.npmjs.org/@unrs%2fresolver-binding-freebsd-x64 cache-miss
872 silly fetch manifest @unrs/resolver-binding-android-arm64@1.11.1
873 silly packumentCache full:https://registry.npmjs.org/@unrs%2fresolver-binding-android-arm64 cache-miss
874 http fetch GET 200 https://registry.npmjs.org/resolve-pkg-maps 30ms (cache miss)
875 silly packumentCache full:https://registry.npmjs.org/resolve-pkg-maps set size:undefined disposed:false
876 silly fetch manifest @unrs/resolver-binding-linux-arm64-gnu@1.11.1
877 silly packumentCache full:https://registry.npmjs.org/@unrs%2fresolver-binding-linux-arm64-gnu cache-miss
878 http fetch GET 200 https://registry.npmjs.org/napi-postinstall 38ms (cache miss)
879 silly packumentCache full:https://registry.npmjs.org/napi-postinstall set size:undefined disposed:false
880 silly fetch manifest @unrs/resolver-binding-linux-arm64-musl@1.11.1
881 silly packumentCache full:https://registry.npmjs.org/@unrs%2fresolver-binding-linux-arm64-musl cache-miss
882 http fetch GET 200 https://registry.npmjs.org/fdir 41ms (cache miss)
883 silly packumentCache full:https://registry.npmjs.org/fdir set size:undefined disposed:false
884 silly fetch manifest @unrs/resolver-binding-android-arm-eabi@1.11.1
885 silly packumentCache full:https://registry.npmjs.org/@unrs%2fresolver-binding-android-arm-eabi cache-miss
886 http fetch GET 200 https://registry.npmjs.org/@unrs%2fresolver-binding-freebsd-x64 52ms (cache miss)
887 silly packumentCache full:https://registry.npmjs.org/@unrs%2fresolver-binding-freebsd-x64 set size:undefined disposed:false
888 silly fetch manifest @unrs/resolver-binding-linux-arm-gnueabihf@1.11.1
889 silly packumentCache full:https://registry.npmjs.org/@unrs%2fresolver-binding-linux-arm-gnueabihf cache-miss
890 http fetch GET 200 https://registry.npmjs.org/@unrs%2fresolver-binding-win32-x64-msvc 57ms (cache miss)
891 silly packumentCache full:https://registry.npmjs.org/@unrs%2fresolver-binding-win32-x64-msvc set size:undefined disposed:false
892 silly fetch manifest @unrs/resolver-binding-linux-arm-musleabihf@1.11.1
893 silly packumentCache full:https://registry.npmjs.org/@unrs%2fresolver-binding-linux-arm-musleabihf cache-miss
894 http fetch GET 200 https://registry.npmjs.org/picomatch 63ms (cache miss)
895 silly packumentCache full:https://registry.npmjs.org/picomatch set size:undefined disposed:false
896 silly fetch manifest @unrs/resolver-binding-linux-ppc64-gnu@1.11.1
897 silly packumentCache full:https://registry.npmjs.org/@unrs%2fresolver-binding-linux-ppc64-gnu cache-miss
898 http fetch GET 200 https://registry.npmjs.org/@unrs%2fresolver-binding-win32-arm64-msvc 65ms (cache miss)
899 silly packumentCache full:https://registry.npmjs.org/@unrs%2fresolver-binding-win32-arm64-msvc set size:undefined disposed:false
900 silly fetch manifest @unrs/resolver-binding-linux-riscv64-gnu@1.11.1
901 silly packumentCache full:https://registry.npmjs.org/@unrs%2fresolver-binding-linux-riscv64-gnu cache-miss
902 http fetch GET 200 https://registry.npmjs.org/@unrs%2fresolver-binding-linux-x64-musl 66ms (cache miss)
903 silly packumentCache full:https://registry.npmjs.org/@unrs%2fresolver-binding-linux-x64-musl set size:undefined disposed:false
904 silly fetch manifest @unrs/resolver-binding-linux-riscv64-musl@1.11.1
905 silly packumentCache full:https://registry.npmjs.org/@unrs%2fresolver-binding-linux-riscv64-musl cache-miss
906 http fetch GET 200 https://registry.npmjs.org/@unrs%2fresolver-binding-win32-ia32-msvc 67ms (cache miss)
907 silly packumentCache full:https://registry.npmjs.org/@unrs%2fresolver-binding-win32-ia32-msvc set size:undefined disposed:false
908 silly fetch manifest @unrs/resolver-binding-linux-s390x-gnu@1.11.1
909 silly packumentCache full:https://registry.npmjs.org/@unrs%2fresolver-binding-linux-s390x-gnu cache-miss
910 http fetch GET 200 https://registry.npmjs.org/@unrs%2fresolver-binding-linux-arm64-gnu 48ms (cache miss)
911 silly packumentCache full:https://registry.npmjs.org/@unrs%2fresolver-binding-linux-arm64-gnu set size:undefined disposed:false
912 silly fetch manifest @unrs/resolver-binding-darwin-x64@1.11.1
913 silly packumentCache full:https://registry.npmjs.org/@unrs%2fresolver-binding-darwin-x64 cache-miss
914 http fetch GET 200 https://registry.npmjs.org/@unrs%2fresolver-binding-linux-arm-gnueabihf 45ms (cache miss)
915 silly packumentCache full:https://registry.npmjs.org/@unrs%2fresolver-binding-linux-arm-gnueabihf set size:undefined disposed:false
916 silly fetch manifest @unrs/resolver-binding-darwin-arm64@1.11.1
917 silly packumentCache full:https://registry.npmjs.org/@unrs%2fresolver-binding-darwin-arm64 cache-miss
918 http fetch GET 200 https://registry.npmjs.org/@unrs%2fresolver-binding-android-arm-eabi 75ms (cache miss)
919 silly packumentCache full:https://registry.npmjs.org/@unrs%2fresolver-binding-android-arm-eabi set size:undefined disposed:false
920 silly fetch manifest @unrs/resolver-binding-wasm32-wasi@1.11.1
921 silly packumentCache full:https://registry.npmjs.org/@unrs%2fresolver-binding-wasm32-wasi cache-miss
922 http fetch GET 200 https://registry.npmjs.org/@unrs%2fresolver-binding-linux-riscv64-gnu 55ms (cache miss)
923 silly packumentCache full:https://registry.npmjs.org/@unrs%2fresolver-binding-linux-riscv64-gnu set size:undefined disposed:false
924 http fetch GET 200 https://registry.npmjs.org/@unrs%2fresolver-binding-linux-ppc64-gnu 61ms (cache miss)
925 silly packumentCache full:https://registry.npmjs.org/@unrs%2fresolver-binding-linux-ppc64-gnu set size:undefined disposed:false
926 http fetch GET 200 https://registry.npmjs.org/@unrs%2fresolver-binding-darwin-x64 47ms (cache miss)
927 silly packumentCache full:https://registry.npmjs.org/@unrs%2fresolver-binding-darwin-x64 set size:undefined disposed:false
928 http fetch GET 200 https://registry.npmjs.org/@unrs%2fresolver-binding-linux-arm64-musl 90ms (cache miss)
929 silly packumentCache full:https://registry.npmjs.org/@unrs%2fresolver-binding-linux-arm64-musl set size:undefined disposed:false
930 http fetch GET 200 https://registry.npmjs.org/@unrs%2fresolver-binding-darwin-arm64 45ms (cache miss)
931 silly packumentCache full:https://registry.npmjs.org/@unrs%2fresolver-binding-darwin-arm64 set size:undefined disposed:false
932 http fetch GET 200 https://registry.npmjs.org/@unrs%2fresolver-binding-wasm32-wasi 46ms (cache miss)
933 silly packumentCache full:https://registry.npmjs.org/@unrs%2fresolver-binding-wasm32-wasi set size:undefined disposed:false
934 http fetch GET 200 https://registry.npmjs.org/@unrs%2fresolver-binding-linux-x64-gnu 227ms (cache miss)
935 silly packumentCache full:https://registry.npmjs.org/@unrs%2fresolver-binding-linux-x64-gnu set size:undefined disposed:false
936 http fetch GET 200 https://registry.npmjs.org/@unrs%2fresolver-binding-android-arm64 251ms (cache miss)
937 silly packumentCache full:https://registry.npmjs.org/@unrs%2fresolver-binding-android-arm64 set size:undefined disposed:false
938 http fetch GET 200 https://registry.npmjs.org/@unrs%2fresolver-binding-linux-arm-musleabihf 237ms (cache miss)
939 silly packumentCache full:https://registry.npmjs.org/@unrs%2fresolver-binding-linux-arm-musleabihf set size:undefined disposed:false
940 http fetch GET 200 https://registry.npmjs.org/@unrs%2fresolver-binding-linux-s390x-gnu 257ms (cache miss)
941 silly packumentCache full:https://registry.npmjs.org/@unrs%2fresolver-binding-linux-s390x-gnu set size:undefined disposed:false
942 http fetch GET 200 https://registry.npmjs.org/@unrs%2fresolver-binding-linux-riscv64-musl 259ms (cache miss)
943 silly packumentCache full:https://registry.npmjs.org/@unrs%2fresolver-binding-linux-riscv64-musl set size:undefined disposed:false
944 silly placeDep ROOT @rtsao/scc@1.1.0 OK for: eslint-plugin-import@2.32.0 want: ^1.1.0
945 silly placeDep ROOT array-includes@3.1.9 OK for: eslint-plugin-import@2.32.0 want: ^3.1.9
946 silly placeDep ROOT array.prototype.findlastindex@1.2.6 OK for: eslint-plugin-import@2.32.0 want: ^1.2.6
947 silly placeDep ROOT array.prototype.flat@1.3.3 OK for: eslint-plugin-import@2.32.0 want: ^1.3.3
948 silly placeDep ROOT array.prototype.flatmap@1.3.3 OK for: eslint-plugin-import@2.32.0 want: ^1.3.3
949 silly placeDep node_modules/eslint-plugin-import debug@3.2.7 OK for: eslint-plugin-import@2.32.0 want: ^3.2.7
950 silly placeDep ROOT doctrine@2.1.0 OK for: eslint-plugin-import@2.32.0 want: ^2.1.0
951 silly placeDep ROOT eslint-module-utils@2.12.1 OK for: eslint-plugin-import@2.32.0 want: ^2.12.1
952 silly placeDep ROOT hasown@2.0.3 OK for: eslint-plugin-import@2.32.0 want: ^2.0.2
953 silly placeDep ROOT object.fromentries@2.0.8 OK for: eslint-plugin-import@2.32.0 want: ^2.0.8
954 silly placeDep ROOT object.groupby@1.0.3 OK for: eslint-plugin-import@2.32.0 want: ^1.0.3
955 silly placeDep ROOT object.values@1.2.1 OK for: eslint-plugin-import@2.32.0 want: ^1.2.1
956 silly placeDep node_modules/eslint-plugin-import semver@6.3.1 OK for: eslint-plugin-import@2.32.0 want: ^6.3.1
957 silly placeDep ROOT string.prototype.trimend@1.0.9 OK for: eslint-plugin-import@2.32.0 want: ^1.0.9
958 silly placeDep ROOT tsconfig-paths@3.15.0 OK for: eslint-plugin-import@2.32.0 want: ^3.15.0
959 silly fetch manifest call-bind@^1.0.8
960 silly packumentCache full:https://registry.npmjs.org/call-bind cache-miss
961 silly fetch manifest call-bound@^1.0.4
962 silly packumentCache full:https://registry.npmjs.org/call-bound cache-miss
963 silly fetch manifest define-properties@^1.2.1
964 silly packumentCache full:https://registry.npmjs.org/define-properties cache-miss
965 silly fetch manifest es-abstract@^1.24.0
966 silly packumentCache full:https://registry.npmjs.org/es-abstract cache-miss
967 silly fetch manifest es-object-atoms@^1.1.1
968 silly packumentCache full:https://registry.npmjs.org/es-object-atoms cache-miss
969 silly fetch manifest get-intrinsic@^1.3.0
970 silly packumentCache full:https://registry.npmjs.org/get-intrinsic cache-miss
971 silly fetch manifest is-string@^1.1.1
972 silly packumentCache full:https://registry.npmjs.org/is-string cache-miss
973 silly fetch manifest math-intrinsics@^1.1.0
974 silly packumentCache full:https://registry.npmjs.org/math-intrinsics cache-miss
975 silly fetch manifest call-bind@^1.0.8
976 silly packumentCache full:https://registry.npmjs.org/call-bind cache-miss
977 silly fetch manifest call-bound@^1.0.4
978 silly packumentCache full:https://registry.npmjs.org/call-bound cache-miss
979 silly fetch manifest define-properties@^1.2.1
980 silly packumentCache full:https://registry.npmjs.org/define-properties cache-miss
981 http fetch GET 200 https://registry.npmjs.org/is-string 33ms (cache miss)
982 silly packumentCache full:https://registry.npmjs.org/is-string set size:undefined disposed:false
983 silly fetch manifest es-abstract@^1.23.9
984 silly packumentCache full:https://registry.npmjs.org/es-abstract cache-miss
985 http fetch GET 200 https://registry.npmjs.org/math-intrinsics 51ms (cache miss)
986 silly packumentCache full:https://registry.npmjs.org/math-intrinsics set size:undefined disposed:false
987 silly fetch manifest es-object-atoms@^1.1.1
988 silly packumentCache full:https://registry.npmjs.org/es-object-atoms cache-miss
989 http fetch GET 200 https://registry.npmjs.org/es-object-atoms 52ms (cache miss)
990 silly packumentCache full:https://registry.npmjs.org/es-object-atoms set size:undefined disposed:false
991 silly fetch manifest es-shim-unscopables@^1.1.0
992 silly packumentCache full:https://registry.npmjs.org/es-shim-unscopables cache-miss
993 http fetch GET 200 https://registry.npmjs.org/define-properties 55ms (cache miss)
994 silly packumentCache full:https://registry.npmjs.org/define-properties set size:undefined disposed:false
995 silly fetch manifest call-bind@^1.0.8
996 silly packumentCache full:https://registry.npmjs.org/call-bind cache-miss
997 http fetch GET 200 https://registry.npmjs.org/get-intrinsic 55ms (cache miss)
998 silly packumentCache full:https://registry.npmjs.org/get-intrinsic set size:undefined disposed:false
999 silly fetch manifest es-abstract@^1.23.5
1000 silly packumentCache full:https://registry.npmjs.org/es-abstract cache-miss
1001 http fetch GET 200 https://registry.npmjs.org/call-bind 57ms (cache miss)
1002 silly packumentCache full:https://registry.npmjs.org/call-bind set size:undefined disposed:false
1003 silly fetch manifest es-shim-unscopables@^1.0.2
1004 silly packumentCache full:https://registry.npmjs.org/es-shim-unscopables cache-miss
1005 http fetch GET 200 https://registry.npmjs.org/call-bind 58ms (cache miss)
1006 silly packumentCache full:https://registry.npmjs.org/call-bind set size:undefined disposed:false
1007 silly fetch manifest es-abstract@^1.23.5
1008 silly packumentCache full:https://registry.npmjs.org/es-abstract cache-miss
1009 http fetch GET 200 https://registry.npmjs.org/call-bound 57ms (cache miss)
1010 silly packumentCache full:https://registry.npmjs.org/call-bound set size:undefined disposed:false
1011 silly fetch manifest es-shim-unscopables@^1.0.2
1012 silly packumentCache full:https://registry.npmjs.org/es-shim-unscopables cache-miss
1013 http fetch GET 200 https://registry.npmjs.org/call-bound 61ms (cache miss)
1014 silly packumentCache full:https://registry.npmjs.org/call-bound set size:undefined disposed:false
1015 silly fetch manifest function-bind@^1.1.2
1016 silly packumentCache full:https://registry.npmjs.org/function-bind cache-miss
1017 http fetch GET 200 https://registry.npmjs.org/define-properties 60ms (cache miss)
1018 silly packumentCache full:https://registry.npmjs.org/define-properties set size:undefined disposed:false
1019 silly fetch manifest call-bind@^1.0.7
1020 silly packumentCache full:https://registry.npmjs.org/call-bind cache-miss
1021 http cache https://registry.npmjs.org/es-object-atoms 14ms (cache hit)
1022 silly packumentCache full:https://registry.npmjs.org/es-object-atoms set size:15304 disposed:false
1023 silly fetch manifest es-abstract@^1.23.2
1024 silly packumentCache full:https://registry.npmjs.org/es-abstract cache-miss
1025 http cache https://registry.npmjs.org/call-bind 13ms (cache hit)
1026 silly packumentCache full:https://registry.npmjs.org/call-bind set size:32985 disposed:false
1027 silly fetch manifest es-object-atoms@^1.0.0
1028 silly packumentCache full:https://registry.npmjs.org/es-object-atoms cache-hit
1029 silly fetch manifest call-bind@^1.0.7
1030 silly packumentCache full:https://registry.npmjs.org/call-bind cache-hit
1031 silly fetch manifest es-abstract@^1.23.2
1032 silly packumentCache full:https://registry.npmjs.org/es-abstract cache-miss
1033 http cache https://registry.npmjs.org/call-bind 8ms (cache hit)
1034 silly packumentCache full:https://registry.npmjs.org/call-bind set size:32985 disposed:false
1035 silly packumentCache full:https://registry.npmjs.org/call-bind dispose
1036 silly fetch manifest call-bound@^1.0.3
1037 silly packumentCache full:https://registry.npmjs.org/call-bound cache-miss
1038 http fetch GET 200 https://registry.npmjs.org/es-abstract 71ms (cache miss)
1039 silly packumentCache full:https://registry.npmjs.org/es-abstract set size:undefined disposed:false
1040 silly fetch manifest call-bound@^1.0.2
1041 silly packumentCache full:https://registry.npmjs.org/call-bound cache-miss
1042 http cache https://registry.npmjs.org/call-bound 9ms (cache hit)
1043 silly packumentCache full:https://registry.npmjs.org/call-bound set size:15317 disposed:false
1044 silly fetch manifest json5@^1.0.2
1045 silly packumentCache full:https://registry.npmjs.org/json5 cache-miss
1046 http cache https://registry.npmjs.org/call-bound 8ms (cache hit)
1047 silly packumentCache full:https://registry.npmjs.org/call-bound set size:15317 disposed:false
1048 silly packumentCache full:https://registry.npmjs.org/call-bound dispose
1049 silly fetch manifest minimist@^1.2.6
1050 silly packumentCache full:https://registry.npmjs.org/minimist cache-miss
1051 http fetch GET 200 https://registry.npmjs.org/es-abstract 53ms (cache miss)
1052 silly packumentCache full:https://registry.npmjs.org/es-abstract set size:undefined disposed:false
1053 silly fetch manifest strip-bom@^3.0.0
1054 silly packumentCache full:https://registry.npmjs.org/strip-bom cache-miss
1055 http fetch GET 200 https://registry.npmjs.org/es-shim-unscopables 40ms (cache miss)
1056 silly packumentCache full:https://registry.npmjs.org/es-shim-unscopables set size:undefined disposed:false
1057 silly fetch manifest @types/json5@^0.0.29
1058 silly packumentCache full:https://registry.npmjs.org/@types%2fjson5 cache-miss
1059 http fetch GET 200 https://registry.npmjs.org/es-shim-unscopables 39ms (cache miss)
1060 silly packumentCache full:https://registry.npmjs.org/es-shim-unscopables set size:undefined disposed:false
1061 http fetch GET 200 https://registry.npmjs.org/es-shim-unscopables 37ms (cache miss)
1062 silly packumentCache full:https://registry.npmjs.org/es-shim-unscopables set size:undefined disposed:false
1063 http fetch GET 200 https://registry.npmjs.org/es-abstract 49ms (cache miss)
1064 silly packumentCache full:https://registry.npmjs.org/es-abstract set size:undefined disposed:false
1065 http fetch GET 200 https://registry.npmjs.org/es-abstract 51ms (cache miss)
1066 silly packumentCache full:https://registry.npmjs.org/es-abstract set size:undefined disposed:false
1067 http fetch GET 200 https://registry.npmjs.org/function-bind 51ms (cache miss)
1068 silly packumentCache full:https://registry.npmjs.org/function-bind set size:undefined disposed:false
1069 http fetch GET 200 https://registry.npmjs.org/es-abstract 49ms (cache miss)
1070 silly packumentCache full:https://registry.npmjs.org/es-abstract set size:undefined disposed:false
1071 http fetch GET 200 https://registry.npmjs.org/es-abstract 58ms (cache miss)
1072 silly packumentCache full:https://registry.npmjs.org/es-abstract set size:undefined disposed:false
1073 http fetch GET 200 https://registry.npmjs.org/minimist 50ms (cache miss)
1074 silly packumentCache full:https://registry.npmjs.org/minimist set size:undefined disposed:false
1075 http fetch GET 200 https://registry.npmjs.org/json5 53ms (cache miss)
1076 silly packumentCache full:https://registry.npmjs.org/json5 set size:undefined disposed:false
1077 http fetch GET 200 https://registry.npmjs.org/strip-bom 205ms (cache miss)
1078 silly packumentCache full:https://registry.npmjs.org/strip-bom set size:undefined disposed:false
1079 http fetch GET 200 https://registry.npmjs.org/@types%2fjson5 403ms (cache miss)
1080 silly packumentCache full:https://registry.npmjs.org/@types%2fjson5 set size:undefined disposed:false
1081 silly placeDep ROOT call-bind@1.0.9 OK for: array-includes@3.1.9 want: ^1.0.8
1082 silly placeDep ROOT call-bound@1.0.4 OK for: array-includes@3.1.9 want: ^1.0.4
1083 silly placeDep ROOT define-properties@1.2.1 OK for: array-includes@3.1.9 want: ^1.2.1
1084 silly placeDep ROOT es-abstract@1.24.2 OK for: array-includes@3.1.9 want: ^1.24.0
1085 silly placeDep ROOT es-object-atoms@1.1.1 OK for: array-includes@3.1.9 want: ^1.1.1
1086 silly placeDep ROOT get-intrinsic@1.3.0 OK for: array-includes@3.1.9 want: ^1.3.0
1087 silly placeDep ROOT is-string@1.1.1 OK for: array-includes@3.1.9 want: ^1.1.1
1088 silly placeDep ROOT math-intrinsics@1.1.0 OK for: array-includes@3.1.9 want: ^1.1.0
1089 silly fetch manifest call-bind-apply-helpers@^1.0.2
1090 silly packumentCache full:https://registry.npmjs.org/call-bind-apply-helpers cache-miss
1091 silly fetch manifest es-define-property@^1.0.1
1092 silly packumentCache full:https://registry.npmjs.org/es-define-property cache-miss
1093 silly fetch manifest set-function-length@^1.2.2
1094 silly packumentCache full:https://registry.npmjs.org/set-function-length cache-miss
1095 silly fetch manifest call-bind-apply-helpers@^1.0.2
1096 silly packumentCache full:https://registry.npmjs.org/call-bind-apply-helpers cache-miss
1097 silly fetch manifest define-data-property@^1.0.1
1098 silly packumentCache full:https://registry.npmjs.org/define-data-property cache-miss
1099 silly fetch manifest has-property-descriptors@^1.0.0
1100 silly packumentCache full:https://registry.npmjs.org/has-property-descriptors cache-miss
1101 silly fetch manifest array-buffer-byte-length@^1.0.2
1102 silly packumentCache full:https://registry.npmjs.org/array-buffer-byte-length cache-miss
1103 silly fetch manifest arraybuffer.prototype.slice@^1.0.4
1104 silly packumentCache full:https://registry.npmjs.org/arraybuffer.prototype.slice cache-miss
1105 silly fetch manifest available-typed-arrays@^1.0.7
1106 silly packumentCache full:https://registry.npmjs.org/available-typed-arrays cache-miss
1107 silly fetch manifest data-view-buffer@^1.0.2
1108 silly packumentCache full:https://registry.npmjs.org/data-view-buffer cache-miss
1109 silly fetch manifest data-view-byte-length@^1.0.2
1110 silly packumentCache full:https://registry.npmjs.org/data-view-byte-length cache-miss
1111 http fetch GET 200 https://registry.npmjs.org/set-function-length 31ms (cache miss)
1112 silly packumentCache full:https://registry.npmjs.org/set-function-length set size:undefined disposed:false
1113 silly fetch manifest data-view-byte-offset@^1.0.1
1114 silly packumentCache full:https://registry.npmjs.org/data-view-byte-offset cache-miss
1115 http fetch GET 200 https://registry.npmjs.org/es-define-property 39ms (cache miss)
1116 silly packumentCache full:https://registry.npmjs.org/es-define-property set size:undefined disposed:false
1117 silly fetch manifest es-set-tostringtag@^2.1.0
1118 silly packumentCache full:https://registry.npmjs.org/es-set-tostringtag cache-miss
1119 http fetch GET 200 https://registry.npmjs.org/has-property-descriptors 44ms (cache miss)
1120 silly packumentCache full:https://registry.npmjs.org/has-property-descriptors set size:undefined disposed:false
1121 silly fetch manifest es-to-primitive@^1.3.0
1122 silly packumentCache full:https://registry.npmjs.org/es-to-primitive cache-miss
1123 http fetch GET 200 https://registry.npmjs.org/data-view-byte-length 44ms (cache miss)
1124 silly packumentCache full:https://registry.npmjs.org/data-view-byte-length set size:undefined disposed:false
1125 silly fetch manifest function.prototype.name@^1.1.8
1126 silly packumentCache full:https://registry.npmjs.org/function.prototype.name cache-miss
1127 http fetch GET 200 https://registry.npmjs.org/array-buffer-byte-length 47ms (cache miss)
1128 silly packumentCache full:https://registry.npmjs.org/array-buffer-byte-length set size:undefined disposed:false
1129 silly fetch manifest get-proto@^1.0.1
1130 silly packumentCache full:https://registry.npmjs.org/get-proto cache-miss
1131 http fetch GET 200 https://registry.npmjs.org/define-data-property 50ms (cache miss)
1132 silly packumentCache full:https://registry.npmjs.org/define-data-property set size:undefined disposed:false
1133 silly fetch manifest get-symbol-description@^1.1.0
1134 silly packumentCache full:https://registry.npmjs.org/get-symbol-description cache-miss
1135 http fetch GET 200 https://registry.npmjs.org/data-view-buffer 49ms (cache miss)
1136 silly packumentCache full:https://registry.npmjs.org/data-view-buffer set size:undefined disposed:false
1137 silly fetch manifest globalthis@^1.0.4
1138 silly packumentCache full:https://registry.npmjs.org/globalthis cache-miss
1139 http fetch GET 200 https://registry.npmjs.org/arraybuffer.prototype.slice 50ms (cache miss)
1140 silly packumentCache full:https://registry.npmjs.org/arraybuffer.prototype.slice set size:undefined disposed:false
1141 silly fetch manifest gopd@^1.2.0
1142 silly packumentCache full:https://registry.npmjs.org/gopd cache-miss
1143 http fetch GET 200 https://registry.npmjs.org/available-typed-arrays 52ms (cache miss)
1144 silly packumentCache full:https://registry.npmjs.org/available-typed-arrays set size:undefined disposed:false
1145 silly fetch manifest has-property-descriptors@^1.0.2
1146 silly packumentCache full:https://registry.npmjs.org/has-property-descriptors cache-miss
1147 http cache https://registry.npmjs.org/has-property-descriptors 4ms (cache hit)
1148 silly packumentCache full:https://registry.npmjs.org/has-property-descriptors set size:12452 disposed:false
1149 silly fetch manifest has-proto@^1.2.0
1150 silly packumentCache full:https://registry.npmjs.org/has-proto cache-miss
1151 http fetch GET 200 https://registry.npmjs.org/data-view-byte-offset 33ms (cache miss)
1152 silly packumentCache full:https://registry.npmjs.org/data-view-byte-offset set size:undefined disposed:false
1153 silly fetch manifest has-symbols@^1.1.0
1154 silly packumentCache full:https://registry.npmjs.org/has-symbols cache-miss
1155 http fetch GET 200 https://registry.npmjs.org/es-set-tostringtag 36ms (cache miss)
1156 silly packumentCache full:https://registry.npmjs.org/es-set-tostringtag set size:undefined disposed:false
1157 silly fetch manifest internal-slot@^1.1.0
1158 silly packumentCache full:https://registry.npmjs.org/internal-slot cache-miss
1159 http fetch GET 200 https://registry.npmjs.org/function.prototype.name 33ms (cache miss)
1160 silly packumentCache full:https://registry.npmjs.org/function.prototype.name set size:undefined disposed:false
1161 silly fetch manifest is-array-buffer@^3.0.5
1162 silly packumentCache full:https://registry.npmjs.org/is-array-buffer cache-miss
1163 http fetch GET 200 https://registry.npmjs.org/globalthis 38ms (cache miss)
1164 silly packumentCache full:https://registry.npmjs.org/globalthis set size:undefined disposed:false
1165 silly fetch manifest is-callable@^1.2.7
1166 silly packumentCache full:https://registry.npmjs.org/is-callable cache-miss
1167 http fetch GET 200 https://registry.npmjs.org/get-symbol-description 43ms (cache miss)
1168 silly packumentCache full:https://registry.npmjs.org/get-symbol-description set size:undefined disposed:false
1169 silly fetch manifest is-data-view@^1.0.2
1170 silly packumentCache full:https://registry.npmjs.org/is-data-view cache-miss
1171 http fetch GET 200 https://registry.npmjs.org/gopd 45ms (cache miss)
1172 silly packumentCache full:https://registry.npmjs.org/gopd set size:undefined disposed:false
1173 silly fetch manifest is-negative-zero@^2.0.3
1174 silly packumentCache full:https://registry.npmjs.org/is-negative-zero cache-miss
1175 http fetch GET 200 https://registry.npmjs.org/has-proto 40ms (cache miss)
1176 silly packumentCache full:https://registry.npmjs.org/has-proto set size:undefined disposed:false
1177 silly fetch manifest is-regex@^1.2.1
1178 silly packumentCache full:https://registry.npmjs.org/is-regex cache-miss
1179 http fetch GET 200 https://registry.npmjs.org/internal-slot 35ms (cache miss)
1180 silly packumentCache full:https://registry.npmjs.org/internal-slot set size:undefined disposed:false
1181 silly fetch manifest is-set@^2.0.3
1182 silly packumentCache full:https://registry.npmjs.org/is-set cache-miss
1183 http fetch GET 200 https://registry.npmjs.org/is-array-buffer 32ms (cache miss)
1184 silly packumentCache full:https://registry.npmjs.org/is-array-buffer set size:undefined disposed:false
1185 silly fetch manifest is-shared-array-buffer@^1.0.4
1186 silly packumentCache full:https://registry.npmjs.org/is-shared-array-buffer cache-miss
1187 http fetch GET 200 https://registry.npmjs.org/is-callable 34ms (cache miss)
1188 silly packumentCache full:https://registry.npmjs.org/is-callable set size:undefined disposed:false
1189 silly fetch manifest is-typed-array@^1.1.15
1190 silly packumentCache full:https://registry.npmjs.org/is-typed-array cache-miss
1191 http fetch GET 200 https://registry.npmjs.org/is-data-view 36ms (cache miss)
1192 silly packumentCache full:https://registry.npmjs.org/is-data-view set size:undefined disposed:false
1193 silly fetch manifest is-weakref@^1.1.1
1194 silly packumentCache full:https://registry.npmjs.org/is-weakref cache-miss
1195 http fetch GET 200 https://registry.npmjs.org/is-negative-zero 36ms (cache miss)
1196 silly packumentCache full:https://registry.npmjs.org/is-negative-zero set size:undefined disposed:false
1197 silly fetch manifest object-inspect@^1.13.4
1198 silly packumentCache full:https://registry.npmjs.org/object-inspect cache-miss
1199 http fetch GET 200 https://registry.npmjs.org/is-regex 44ms (cache miss)
1200 silly packumentCache full:https://registry.npmjs.org/is-regex set size:undefined disposed:false
1201 silly fetch manifest object.assign@^4.1.7
1202 silly packumentCache full:https://registry.npmjs.org/object.assign cache-miss
1203 http fetch GET 200 https://registry.npmjs.org/is-set 33ms (cache miss)
1204 silly packumentCache full:https://registry.npmjs.org/is-set set size:undefined disposed:false
1205 silly fetch manifest own-keys@^1.0.1
1206 silly packumentCache full:https://registry.npmjs.org/own-keys cache-miss
1207 http fetch GET 200 https://registry.npmjs.org/is-typed-array 34ms (cache miss)
1208 silly packumentCache full:https://registry.npmjs.org/is-typed-array set size:undefined disposed:false
1209 silly fetch manifest regexp.prototype.flags@^1.5.4
1210 silly packumentCache full:https://registry.npmjs.org/regexp.prototype.flags cache-miss
1211 http fetch GET 200 https://registry.npmjs.org/is-weakref 33ms (cache miss)
1212 silly packumentCache full:https://registry.npmjs.org/is-weakref set size:undefined disposed:false
1213 silly fetch manifest safe-array-concat@^1.1.3
1214 silly packumentCache full:https://registry.npmjs.org/safe-array-concat cache-miss
1215 http fetch GET 200 https://registry.npmjs.org/object-inspect 43ms (cache miss)
1216 silly packumentCache full:https://registry.npmjs.org/object-inspect set size:undefined disposed:false
1217 silly fetch manifest safe-push-apply@^1.0.0
1218 silly packumentCache full:https://registry.npmjs.org/safe-push-apply cache-miss
1219 http fetch GET 200 https://registry.npmjs.org/own-keys 33ms (cache miss)
1220 silly packumentCache full:https://registry.npmjs.org/own-keys set size:undefined disposed:false
1221 silly fetch manifest safe-regex-test@^1.1.0
1222 silly packumentCache full:https://registry.npmjs.org/safe-regex-test cache-miss
1223 http cache https://registry.npmjs.org/safe-regex-test 5ms (cache hit)
1224 silly packumentCache full:https://registry.npmjs.org/safe-regex-test set size:17412 disposed:false
1225 silly fetch manifest set-proto@^1.0.0
1226 silly packumentCache full:https://registry.npmjs.org/set-proto cache-miss
1227 http fetch GET 200 https://registry.npmjs.org/object.assign 48ms (cache miss)
1228 silly packumentCache full:https://registry.npmjs.org/object.assign set size:undefined disposed:false
1229 silly fetch manifest stop-iteration-iterator@^1.1.0
1230 silly packumentCache full:https://registry.npmjs.org/stop-iteration-iterator cache-miss
1231 http fetch GET 200 https://registry.npmjs.org/safe-array-concat 33ms (cache miss)
1232 silly packumentCache full:https://registry.npmjs.org/safe-array-concat set size:undefined disposed:false
1233 silly fetch manifest string.prototype.trim@^1.2.10
1234 silly packumentCache full:https://registry.npmjs.org/string.prototype.trim cache-miss
1235 http fetch GET 200 https://registry.npmjs.org/regexp.prototype.flags 40ms (cache miss)
1236 silly packumentCache full:https://registry.npmjs.org/regexp.prototype.flags set size:undefined disposed:false
1237 silly fetch manifest string.prototype.trimstart@^1.0.8
1238 silly packumentCache full:https://registry.npmjs.org/string.prototype.trimstart cache-miss
1239 http fetch GET 200 https://registry.npmjs.org/safe-push-apply 31ms (cache miss)
1240 silly packumentCache full:https://registry.npmjs.org/safe-push-apply set size:undefined disposed:false
1241 silly fetch manifest typed-array-buffer@^1.0.3
1242 silly packumentCache full:https://registry.npmjs.org/typed-array-buffer cache-miss
1243 http fetch GET 200 https://registry.npmjs.org/set-proto 35ms (cache miss)
1244 silly packumentCache full:https://registry.npmjs.org/set-proto set size:undefined disposed:false
1245 silly fetch manifest typed-array-byte-length@^1.0.3
1246 silly packumentCache full:https://registry.npmjs.org/typed-array-byte-length cache-miss
1247 http fetch GET 200 https://registry.npmjs.org/call-bind-apply-helpers 225ms (cache miss)
1248 silly packumentCache full:https://registry.npmjs.org/call-bind-apply-helpers set size:undefined disposed:false
1249 silly fetch manifest typed-array-byte-offset@^1.0.4
1250 silly packumentCache full:https://registry.npmjs.org/typed-array-byte-offset cache-miss
1251 http fetch GET 200 https://registry.npmjs.org/call-bind-apply-helpers 225ms (cache miss)
1252 silly packumentCache full:https://registry.npmjs.org/call-bind-apply-helpers set size:undefined disposed:false
1253 silly fetch manifest typed-array-length@^1.0.7
1254 silly packumentCache full:https://registry.npmjs.org/typed-array-length cache-miss
1255 http fetch GET 200 https://registry.npmjs.org/stop-iteration-iterator 39ms (cache miss)
1256 silly packumentCache full:https://registry.npmjs.org/stop-iteration-iterator set size:undefined disposed:false
1257 silly fetch manifest unbox-primitive@^1.1.0
1258 silly packumentCache full:https://registry.npmjs.org/unbox-primitive cache-miss
1259 http fetch GET 200 https://registry.npmjs.org/string.prototype.trim 36ms (cache miss)
1260 silly packumentCache full:https://registry.npmjs.org/string.prototype.trim set size:undefined disposed:false
1261 silly fetch manifest which-typed-array@^1.1.19
1262 silly packumentCache full:https://registry.npmjs.org/which-typed-array cache-miss
1263 http fetch GET 200 https://registry.npmjs.org/string.prototype.trimstart 36ms (cache miss)
1264 silly packumentCache full:https://registry.npmjs.org/string.prototype.trimstart set size:undefined disposed:false
1265 silly fetch manifest get-proto@^1.0.1
1266 silly packumentCache full:https://registry.npmjs.org/get-proto cache-miss
1267 http fetch GET 200 https://registry.npmjs.org/typed-array-buffer 32ms (cache miss)
1268 silly packumentCache full:https://registry.npmjs.org/typed-array-buffer set size:undefined disposed:false
1269 silly fetch manifest has-symbols@^1.1.0
1270 silly packumentCache full:https://registry.npmjs.org/has-symbols cache-miss
1271 http fetch GET 200 https://registry.npmjs.org/es-to-primitive 205ms (cache miss)
1272 silly packumentCache full:https://registry.npmjs.org/es-to-primitive set size:undefined disposed:false
1273 silly fetch manifest has-tostringtag@^1.0.2
1274 silly packumentCache full:https://registry.npmjs.org/has-tostringtag cache-miss
1275 http fetch GET 200 https://registry.npmjs.org/typed-array-byte-length 39ms (cache miss)
1276 silly packumentCache full:https://registry.npmjs.org/typed-array-byte-length set size:undefined disposed:false
1277 http fetch GET 200 https://registry.npmjs.org/typed-array-length 36ms (cache miss)
1278 silly packumentCache full:https://registry.npmjs.org/typed-array-length set size:undefined disposed:false
1279 http fetch GET 200 https://registry.npmjs.org/typed-array-byte-offset 38ms (cache miss)
1280 silly packumentCache full:https://registry.npmjs.org/typed-array-byte-offset set size:undefined disposed:false
1281 http fetch GET 200 https://registry.npmjs.org/get-proto 216ms (cache miss)
1282 silly packumentCache full:https://registry.npmjs.org/get-proto set size:undefined disposed:false
1283 http fetch GET 200 https://registry.npmjs.org/get-proto 31ms (cache miss)
1284 silly packumentCache full:https://registry.npmjs.org/get-proto set size:undefined disposed:false
1285 http fetch GET 200 https://registry.npmjs.org/unbox-primitive 39ms (cache miss)
1286 silly packumentCache full:https://registry.npmjs.org/unbox-primitive set size:undefined disposed:false
1287 http fetch GET 200 https://registry.npmjs.org/which-typed-array 37ms (cache miss)
1288 silly packumentCache full:https://registry.npmjs.org/which-typed-array set size:undefined disposed:false
1289 http fetch GET 200 https://registry.npmjs.org/has-tostringtag 30ms (cache miss)
1290 silly packumentCache full:https://registry.npmjs.org/has-tostringtag set size:undefined disposed:false
1291 http fetch GET 200 https://registry.npmjs.org/is-shared-array-buffer 207ms (cache miss)
1292 silly packumentCache full:https://registry.npmjs.org/is-shared-array-buffer set size:undefined disposed:false
1293 http fetch GET 200 https://registry.npmjs.org/has-symbols 5270ms (cache miss)
1294 silly packumentCache full:https://registry.npmjs.org/has-symbols set size:21550 disposed:false
1295 http fetch GET 200 https://registry.npmjs.org/has-symbols 5243ms (cache miss)
1296 silly packumentCache full:https://registry.npmjs.org/has-symbols set size:21550 disposed:false
1297 silly packumentCache full:https://registry.npmjs.org/has-symbols dispose
1298 silly placeDep ROOT es-errors@1.3.0 OK for: array.prototype.findlastindex@1.2.6 want: ^1.3.0
1299 silly placeDep ROOT es-shim-unscopables@1.1.0 OK for: array.prototype.findlastindex@1.2.6 want: ^1.1.0
1300 silly placeDep ROOT call-bind-apply-helpers@1.0.2 OK for: call-bind@1.0.9 want: ^1.0.2
1301 silly placeDep ROOT es-define-property@1.0.1 OK for: call-bind@1.0.9 want: ^1.0.1
1302 silly placeDep ROOT set-function-length@1.2.2 OK for: call-bind@1.0.9 want: ^1.2.2
1303 silly fetch manifest define-data-property@^1.1.4
1304 silly packumentCache full:https://registry.npmjs.org/define-data-property cache-miss
1305 silly fetch manifest gopd@^1.0.1
1306 silly packumentCache full:https://registry.npmjs.org/gopd cache-miss
1307 http cache https://registry.npmjs.org/define-data-property 4ms (cache hit)
1308 silly packumentCache full:https://registry.npmjs.org/define-data-property set size:28048 disposed:false
1309 http cache https://registry.npmjs.org/gopd 4ms (cache hit)
1310 silly packumentCache full:https://registry.npmjs.org/gopd set size:11458 disposed:false
1311 silly placeDep ROOT function-bind@1.1.2 OK for: call-bind-apply-helpers@1.0.2 want: ^1.1.2
1312 silly placeDep ROOT define-data-property@1.1.4 OK for: define-properties@1.2.1 want: ^1.0.1
1313 silly placeDep ROOT has-property-descriptors@1.0.2 OK for: define-properties@1.2.1 want: ^1.0.0
1314 silly placeDep ROOT object-keys@1.1.1 OK for: define-properties@1.2.1 want: ^1.1.1
1315 silly placeDep ROOT gopd@1.2.0 OK for: define-data-property@1.1.4 want: ^1.0.1
1316 silly placeDep ROOT array-buffer-byte-length@1.0.2 OK for: es-abstract@1.24.2 want: ^1.0.2
1317 silly placeDep ROOT arraybuffer.prototype.slice@1.0.4 OK for: es-abstract@1.24.2 want: ^1.0.4
1318 silly placeDep ROOT available-typed-arrays@1.0.7 OK for: es-abstract@1.24.2 want: ^1.0.7
1319 silly placeDep ROOT data-view-buffer@1.0.2 OK for: es-abstract@1.24.2 want: ^1.0.2
1320 silly placeDep ROOT data-view-byte-length@1.0.2 OK for: es-abstract@1.24.2 want: ^1.0.2
1321 silly placeDep ROOT data-view-byte-offset@1.0.1 OK for: es-abstract@1.24.2 want: ^1.0.1
1322 silly placeDep ROOT es-set-tostringtag@2.1.0 OK for: es-abstract@1.24.2 want: ^2.1.0
1323 silly placeDep ROOT es-to-primitive@1.3.0 OK for: es-abstract@1.24.2 want: ^1.3.0
1324 silly placeDep ROOT function.prototype.name@1.1.8 OK for: es-abstract@1.24.2 want: ^1.1.8
1325 silly placeDep ROOT get-proto@1.0.1 OK for: es-abstract@1.24.2 want: ^1.0.1
1326 silly placeDep ROOT get-symbol-description@1.1.0 OK for: es-abstract@1.24.2 want: ^1.1.0
1327 silly placeDep ROOT globalthis@1.0.4 OK for: es-abstract@1.24.2 want: ^1.0.4
1328 silly placeDep ROOT has-proto@1.2.0 OK for: es-abstract@1.24.2 want: ^1.2.0
1329 silly placeDep ROOT has-symbols@1.1.0 OK for: es-abstract@1.24.2 want: ^1.1.0
1330 silly placeDep ROOT internal-slot@1.1.0 OK for: es-abstract@1.24.2 want: ^1.1.0
1331 silly placeDep ROOT is-array-buffer@3.0.5 OK for: es-abstract@1.24.2 want: ^3.0.5
1332 silly placeDep ROOT is-callable@1.2.7 OK for: es-abstract@1.24.2 want: ^1.2.7
1333 silly placeDep ROOT is-data-view@1.0.2 OK for: es-abstract@1.24.2 want: ^1.0.2
1334 silly placeDep ROOT is-negative-zero@2.0.3 OK for: es-abstract@1.24.2 want: ^2.0.3
1335 silly placeDep ROOT is-regex@1.2.1 OK for: es-abstract@1.24.2 want: ^1.2.1
1336 silly placeDep ROOT is-set@2.0.3 OK for: es-abstract@1.24.2 want: ^2.0.3
1337 silly placeDep ROOT is-shared-array-buffer@1.0.4 OK for: es-abstract@1.24.2 want: ^1.0.4
1338 silly placeDep ROOT is-typed-array@1.1.15 OK for: es-abstract@1.24.2 want: ^1.1.15
1339 silly placeDep ROOT is-weakref@1.1.1 OK for: es-abstract@1.24.2 want: ^1.1.1
1340 silly placeDep ROOT object-inspect@1.13.4 OK for: es-abstract@1.24.2 want: ^1.13.4
1341 silly placeDep ROOT object.assign@4.1.7 OK for: es-abstract@1.24.2 want: ^4.1.7
1342 silly placeDep ROOT own-keys@1.0.1 OK for: es-abstract@1.24.2 want: ^1.0.1
1343 silly placeDep ROOT regexp.prototype.flags@1.5.4 OK for: es-abstract@1.24.2 want: ^1.5.4
1344 silly placeDep ROOT safe-array-concat@1.1.4 OK for: es-abstract@1.24.2 want: ^1.1.3
1345 silly placeDep ROOT safe-push-apply@1.0.0 OK for: es-abstract@1.24.2 want: ^1.0.0
1346 silly placeDep ROOT safe-regex-test@1.1.0 OK for: es-abstract@1.24.2 want: ^1.1.0
1347 silly placeDep ROOT set-proto@1.0.0 OK for: es-abstract@1.24.2 want: ^1.0.0
1348 silly placeDep ROOT stop-iteration-iterator@1.1.0 OK for: es-abstract@1.24.2 want: ^1.1.0
1349 silly placeDep ROOT string.prototype.trim@1.2.10 OK for: es-abstract@1.24.2 want: ^1.2.10
1350 silly placeDep ROOT string.prototype.trimstart@1.0.8 OK for: es-abstract@1.24.2 want: ^1.0.8
1351 silly placeDep ROOT typed-array-buffer@1.0.3 OK for: es-abstract@1.24.2 want: ^1.0.3
1352 silly placeDep ROOT typed-array-byte-length@1.0.3 OK for: es-abstract@1.24.2 want: ^1.0.3
1353 silly placeDep ROOT typed-array-byte-offset@1.0.4 OK for: es-abstract@1.24.2 want: ^1.0.4
1354 silly placeDep ROOT typed-array-length@1.0.7 OK for: es-abstract@1.24.2 want: ^1.0.7
1355 silly placeDep ROOT unbox-primitive@1.1.0 OK for: es-abstract@1.24.2 want: ^1.1.0
1356 silly placeDep ROOT which-typed-array@1.1.20 OK for: es-abstract@1.24.2 want: ^1.1.19
1357 silly fetch manifest is-array-buffer@^3.0.4
1358 silly packumentCache full:https://registry.npmjs.org/is-array-buffer cache-miss
1359 silly fetch manifest possible-typed-array-names@^1.0.0
1360 silly packumentCache full:https://registry.npmjs.org/possible-typed-array-names cache-miss
1361 silly fetch manifest is-data-view@^1.0.1
1362 silly packumentCache full:https://registry.npmjs.org/is-data-view cache-miss
1363 silly fetch manifest is-date-object@^1.0.5
1364 silly packumentCache full:https://registry.npmjs.org/is-date-object cache-miss
1365 silly fetch manifest is-symbol@^1.0.4
1366 silly packumentCache full:https://registry.npmjs.org/is-symbol cache-miss
1367 silly fetch manifest functions-have-names@^1.2.3
1368 silly packumentCache full:https://registry.npmjs.org/functions-have-names cache-miss
1369 silly fetch manifest dunder-proto@^1.0.1
1370 silly packumentCache full:https://registry.npmjs.org/dunder-proto cache-miss
1371 silly fetch manifest dunder-proto@^1.0.0
1372 silly packumentCache full:https://registry.npmjs.org/dunder-proto cache-miss
1373 silly fetch manifest side-channel@^1.1.0
1374 silly packumentCache full:https://registry.npmjs.org/side-channel cache-miss
1375 silly fetch manifest is-typed-array@^1.1.13
1376 silly packumentCache full:https://registry.npmjs.org/is-typed-array cache-miss
1377 silly fetch manifest which-typed-array@^1.1.16
1378 silly packumentCache full:https://registry.npmjs.org/which-typed-array cache-miss
1379 http cache https://registry.npmjs.org/is-data-view 14ms (cache hit)
1380 silly packumentCache full:https://registry.npmjs.org/is-data-view set size:13756 disposed:false
1381 silly fetch manifest set-function-name@^2.0.2
1382 silly packumentCache full:https://registry.npmjs.org/set-function-name cache-miss
1383 http cache https://registry.npmjs.org/is-array-buffer 16ms (cache hit)
1384 silly packumentCache full:https://registry.npmjs.org/is-array-buffer set size:33562 disposed:false
1385 silly fetch manifest isarray@^2.0.5
1386 silly packumentCache full:https://registry.npmjs.org/isarray cache-miss
1387 http cache https://registry.npmjs.org/is-typed-array 14ms (cache hit)
1388 silly packumentCache full:https://registry.npmjs.org/is-typed-array set size:79965 disposed:false
1389 silly fetch manifest isarray@^2.0.5
1390 silly packumentCache full:https://registry.npmjs.org/isarray cache-miss
1391 http cache https://registry.npmjs.org/which-typed-array 22ms (cache hit)
1392 silly packumentCache full:https://registry.npmjs.org/which-typed-array set size:93605 disposed:false
1393 silly fetch manifest dunder-proto@^1.0.1
1394 silly packumentCache full:https://registry.npmjs.org/dunder-proto cache-miss
1395 http fetch GET 200 https://registry.npmjs.org/is-date-object 40ms (cache miss)
1396 silly packumentCache full:https://registry.npmjs.org/is-date-object set size:undefined disposed:false
1397 silly fetch manifest for-each@^0.3.3
1398 silly packumentCache full:https://registry.npmjs.org/for-each cache-miss
1399 http fetch GET 200 https://registry.npmjs.org/functions-have-names 41ms (cache miss)
1400 silly packumentCache full:https://registry.npmjs.org/functions-have-names set size:undefined disposed:false
1401 silly fetch manifest for-each@^0.3.3
1402 silly packumentCache full:https://registry.npmjs.org/for-each cache-miss
1403 http fetch GET 200 https://registry.npmjs.org/dunder-proto 42ms (cache miss)
1404 silly packumentCache full:https://registry.npmjs.org/dunder-proto set size:undefined disposed:false
1405 silly fetch manifest reflect.getprototypeof@^1.0.9
1406 silly packumentCache full:https://registry.npmjs.org/reflect.getprototypeof cache-miss
1407 http fetch GET 200 https://registry.npmjs.org/possible-typed-array-names 45ms (cache miss)
1408 silly packumentCache full:https://registry.npmjs.org/possible-typed-array-names set size:undefined disposed:false
1409 silly fetch manifest for-each@^0.3.3
1410 silly packumentCache full:https://registry.npmjs.org/for-each cache-miss
1411 http fetch GET 200 https://registry.npmjs.org/side-channel 48ms (cache miss)
1412 silly packumentCache full:https://registry.npmjs.org/side-channel set size:undefined disposed:false
1413 silly fetch manifest reflect.getprototypeof@^1.0.6
1414 silly packumentCache full:https://registry.npmjs.org/reflect.getprototypeof cache-miss
1415 http fetch GET 200 https://registry.npmjs.org/dunder-proto 51ms (cache miss)
1416 silly packumentCache full:https://registry.npmjs.org/dunder-proto set size:undefined disposed:false
1417 silly fetch manifest has-bigints@^1.0.2
1418 silly packumentCache full:https://registry.npmjs.org/has-bigints cache-miss
1419 http fetch GET 200 https://registry.npmjs.org/set-function-name 42ms (cache miss)
1420 silly packumentCache full:https://registry.npmjs.org/set-function-name set size:undefined disposed:false
1421 silly fetch manifest which-boxed-primitive@^1.1.1
1422 silly packumentCache full:https://registry.npmjs.org/which-boxed-primitive cache-miss
1423 http fetch GET 200 https://registry.npmjs.org/isarray 42ms (cache miss)
1424 silly packumentCache full:https://registry.npmjs.org/isarray set size:undefined disposed:false
1425 silly fetch manifest for-each@^0.3.5
1426 silly packumentCache full:https://registry.npmjs.org/for-each cache-miss
1427 http fetch GET 200 https://registry.npmjs.org/isarray 43ms (cache miss)
1428 silly packumentCache full:https://registry.npmjs.org/isarray set size:undefined disposed:false
1429 http fetch GET 200 https://registry.npmjs.org/dunder-proto 35ms (cache miss)
1430 silly packumentCache full:https://registry.npmjs.org/dunder-proto set size:undefined disposed:false
1431 http fetch GET 200 https://registry.npmjs.org/for-each 33ms (cache miss)
1432 silly packumentCache full:https://registry.npmjs.org/for-each set size:undefined disposed:false
1433 http fetch GET 200 https://registry.npmjs.org/for-each 33ms (cache miss)
1434 silly packumentCache full:https://registry.npmjs.org/for-each set size:undefined disposed:false
1435 http fetch GET 200 https://registry.npmjs.org/reflect.getprototypeof 33ms (cache miss)
1436 silly packumentCache full:https://registry.npmjs.org/reflect.getprototypeof set size:undefined disposed:false
1437 http fetch GET 200 https://registry.npmjs.org/for-each 38ms (cache miss)
1438 silly packumentCache full:https://registry.npmjs.org/for-each set size:undefined disposed:false
1439 http fetch GET 200 https://registry.npmjs.org/has-bigints 32ms (cache miss)
1440 silly packumentCache full:https://registry.npmjs.org/has-bigints set size:undefined disposed:false
1441 http fetch GET 200 https://registry.npmjs.org/reflect.getprototypeof 38ms (cache miss)
1442 silly packumentCache full:https://registry.npmjs.org/reflect.getprototypeof set size:undefined disposed:false
1443 http fetch GET 200 https://registry.npmjs.org/for-each 32ms (cache miss)
1444 silly packumentCache full:https://registry.npmjs.org/for-each set size:undefined disposed:false
1445 http fetch GET 200 https://registry.npmjs.org/is-symbol 214ms (cache miss)
1446 silly packumentCache full:https://registry.npmjs.org/is-symbol set size:undefined disposed:false
1447 http fetch GET 200 https://registry.npmjs.org/which-boxed-primitive 206ms (cache miss)
1448 silly packumentCache full:https://registry.npmjs.org/which-boxed-primitive set size:undefined disposed:false
1449 silly placeDep ROOT possible-typed-array-names@1.1.0 OK for: available-typed-arrays@1.0.7 want: ^1.0.0
1450 silly placeDep ROOT has-tostringtag@1.0.2 OK for: es-set-tostringtag@2.1.0 want: ^1.0.2
1451 silly placeDep ROOT is-date-object@1.1.0 OK for: es-to-primitive@1.3.0 want: ^1.0.5
1452 silly placeDep ROOT is-symbol@1.1.1 OK for: es-to-primitive@1.3.0 want: ^1.0.4
1453 silly placeDep node_modules/eslint-module-utils debug@3.2.7 OK for: eslint-module-utils@2.12.1 want: ^3.2.7
1454 silly placeDep ROOT aria-query@5.3.2 OK for: eslint-plugin-jsx-a11y@6.10.2 want: ^5.3.2
1455 silly placeDep ROOT ast-types-flow@0.0.8 OK for: eslint-plugin-jsx-a11y@6.10.2 want: ^0.0.8
1456 silly placeDep ROOT axe-core@4.11.4 OK for: eslint-plugin-jsx-a11y@6.10.2 want: ^4.10.0
1457 silly placeDep ROOT axobject-query@4.1.0 OK for: eslint-plugin-jsx-a11y@6.10.2 want: ^4.1.0
1458 silly placeDep ROOT damerau-levenshtein@1.0.8 OK for: eslint-plugin-jsx-a11y@6.10.2 want: ^1.0.8
1459 silly placeDep ROOT emoji-regex@9.2.2 OK for: eslint-plugin-jsx-a11y@6.10.2 want: ^9.2.2
1460 silly placeDep ROOT jsx-ast-utils@3.3.5 OK for: eslint-plugin-jsx-a11y@6.10.2 want: ^3.3.5
1461 silly placeDep ROOT language-tags@1.0.9 OK for: eslint-plugin-jsx-a11y@6.10.2 want: ^1.0.9
1462 silly placeDep ROOT string.prototype.includes@2.0.1 OK for: eslint-plugin-jsx-a11y@6.10.2 want: ^2.0.1
1463 silly fetch manifest language-subtag-registry@^0.3.20
1464 silly packumentCache full:https://registry.npmjs.org/language-subtag-registry cache-miss
1465 http fetch GET 200 https://registry.npmjs.org/language-subtag-registry 54ms (cache miss)
1466 silly packumentCache full:https://registry.npmjs.org/language-subtag-registry set size:undefined disposed:false
1467 silly placeDep ROOT array.prototype.findlast@1.2.5 OK for: eslint-plugin-react@7.37.5 want: ^1.2.5
1468 silly placeDep ROOT array.prototype.tosorted@1.1.4 OK for: eslint-plugin-react@7.37.5 want: ^1.1.4
1469 silly placeDep ROOT es-iterator-helpers@1.3.2 OK for: eslint-plugin-react@7.37.5 want: ^1.2.1
1470 silly placeDep ROOT estraverse@5.3.0 OK for: eslint-plugin-react@7.37.5 want: ^5.3.0
1471 silly placeDep ROOT object.entries@1.1.9 OK for: eslint-plugin-react@7.37.5 want: ^1.1.9
1472 silly placeDep ROOT prop-types@15.8.1 OK for: eslint-plugin-react@7.37.5 want: ^15.8.1
1473 silly placeDep node_modules/eslint-plugin-react semver@6.3.1 OK for: eslint-plugin-react@7.37.5 want: ^6.3.1
1474 silly placeDep ROOT string.prototype.matchall@4.0.12 OK for: eslint-plugin-react@7.37.5 want: ^4.0.12
1475 silly placeDep ROOT string.prototype.repeat@1.0.0 OK for: eslint-plugin-react@7.37.5 want: ^1.0.0
1476 silly fetch manifest iterator.prototype@^1.1.5
1477 silly packumentCache full:https://registry.npmjs.org/iterator.prototype cache-miss
1478 silly fetch manifest loose-envify@^1.4.0
1479 silly packumentCache full:https://registry.npmjs.org/loose-envify cache-miss
1480 silly fetch manifest object-assign@^4.1.1
1481 silly packumentCache full:https://registry.npmjs.org/object-assign cache-miss
1482 silly fetch manifest react-is@^16.13.1
1483 silly packumentCache full:https://registry.npmjs.org/react-is cache-miss
1484 http fetch GET 200 https://registry.npmjs.org/iterator.prototype 34ms (cache miss)
1485 silly packumentCache full:https://registry.npmjs.org/iterator.prototype set size:undefined disposed:false
1486 http fetch GET 200 https://registry.npmjs.org/loose-envify 200ms (cache miss)
1487 silly packumentCache full:https://registry.npmjs.org/loose-envify set size:undefined disposed:false
1488 http fetch GET 200 https://registry.npmjs.org/object-assign 229ms (cache miss)
1489 silly packumentCache full:https://registry.npmjs.org/object-assign set size:undefined disposed:false
1490 http fetch GET 200 https://registry.npmjs.org/react-is 385ms (cache miss)
1491 silly packumentCache full:https://registry.npmjs.org/react-is set size:undefined disposed:false
1492 silly placeDep ROOT iterator.prototype@1.1.5 OK for: es-iterator-helpers@1.3.2 want: ^1.1.5
1493 silly placeDep ROOT @babel/core@7.29.0 OK for: eslint-plugin-react-hooks@7.1.1 want: ^7.24.4
1494 silly placeDep ROOT @babel/parser@7.29.3 OK for: eslint-plugin-react-hooks@7.1.1 want: ^7.24.4
1495 silly placeDep ROOT hermes-parser@0.25.1 OK for: eslint-plugin-react-hooks@7.1.1 want: ^0.25.1
1496 silly placeDep ROOT zod@4.4.3 OK for: eslint-plugin-react-hooks@7.1.1 want: ^3.25.0 || ^4.0.0
1497 silly placeDep ROOT zod-validation-error@4.0.2 OK for: eslint-plugin-react-hooks@7.1.1 want: ^3.5.0 || ^4.0.0
1498 silly fetch manifest json5@^2.2.3
1499 silly packumentCache full:https://registry.npmjs.org/json5 cache-miss
1500 silly fetch manifest gensync@^1.0.0-beta.2
1501 silly packumentCache full:https://registry.npmjs.org/gensync cache-miss
1502 silly fetch manifest @babel/types@^7.29.0
1503 silly packumentCache full:https://registry.npmjs.org/@babel%2ftypes cache-miss
1504 silly fetch manifest @babel/parser@^7.29.0
1505 silly packumentCache full:https://registry.npmjs.org/@babel%2fparser cache-miss
1506 silly fetch manifest @babel/helpers@^7.28.6
1507 silly packumentCache full:https://registry.npmjs.org/@babel%2fhelpers cache-miss
1508 silly fetch manifest @babel/template@^7.28.6
1509 silly packumentCache full:https://registry.npmjs.org/@babel%2ftemplate cache-miss
1510 silly fetch manifest @babel/traverse@^7.29.0
1511 silly packumentCache full:https://registry.npmjs.org/@babel%2ftraverse cache-miss
1512 silly fetch manifest @babel/generator@^7.29.0
1513 silly packumentCache full:https://registry.npmjs.org/@babel%2fgenerator cache-miss
1514 silly fetch manifest @babel/code-frame@^7.29.0
1515 silly packumentCache full:https://registry.npmjs.org/@babel%2fcode-frame cache-miss
1516 silly fetch manifest convert-source-map@^2.0.0
1517 silly packumentCache full:https://registry.npmjs.org/convert-source-map cache-miss
1518 silly fetch manifest @jridgewell/remapping@^2.3.5
1519 silly packumentCache full:https://registry.npmjs.org/@jridgewell%2fremapping cache-miss
1520 http cache https://registry.npmjs.org/json5 14ms (cache hit)
1521 silly packumentCache full:https://registry.npmjs.org/json5 set size:86136 disposed:false
1522 silly fetch manifest @babel/helper-module-transforms@^7.28.6
1523 silly packumentCache full:https://registry.npmjs.org/@babel%2fhelper-module-transforms cache-miss
1524 http cache https://registry.npmjs.org/@babel%2fparser 16ms (cache hit)
1525 silly packumentCache full:https://registry.npmjs.org/@babel%2fparser set size:725652 disposed:false
1526 silly fetch manifest @babel/helper-compilation-targets@^7.28.6
1527 silly packumentCache full:https://registry.npmjs.org/@babel%2fhelper-compilation-targets cache-miss
1528 http fetch GET 200 https://registry.npmjs.org/convert-source-map 52ms (cache miss)
1529 silly packumentCache full:https://registry.npmjs.org/convert-source-map set size:undefined disposed:false
1530 silly fetch manifest @babel/types@^7.29.0
1531 silly packumentCache full:https://registry.npmjs.org/@babel%2ftypes cache-miss
1532 http fetch GET 200 https://registry.npmjs.org/gensync 61ms (cache miss)
1533 silly packumentCache full:https://registry.npmjs.org/gensync set size:undefined disposed:false
1534 silly fetch manifest hermes-estree@0.25.1
1535 silly packumentCache full:https://registry.npmjs.org/hermes-estree cache-miss
1536 http fetch GET 200 https://registry.npmjs.org/@babel%2ftemplate 69ms (cache miss)
1537 silly packumentCache full:https://registry.npmjs.org/@babel%2ftemplate set size:undefined disposed:false
1538 http fetch GET 200 https://registry.npmjs.org/@babel%2fcode-frame 71ms (cache miss)
1539 silly packumentCache full:https://registry.npmjs.org/@babel%2fcode-frame set size:undefined disposed:false
1540 http fetch GET 200 https://registry.npmjs.org/@babel%2fhelper-compilation-targets 53ms (cache miss)
1541 silly packumentCache full:https://registry.npmjs.org/@babel%2fhelper-compilation-targets set size:undefined disposed:false
1542 http fetch GET 200 https://registry.npmjs.org/@babel%2fhelper-module-transforms 67ms (cache miss)
1543 silly packumentCache full:https://registry.npmjs.org/@babel%2fhelper-module-transforms set size:undefined disposed:false
1544 http fetch GET 200 https://registry.npmjs.org/@jridgewell%2fremapping 86ms (cache miss)
1545 silly packumentCache full:https://registry.npmjs.org/@jridgewell%2fremapping set size:undefined disposed:false
1546 http fetch GET 200 https://registry.npmjs.org/hermes-estree 41ms (cache miss)
1547 silly packumentCache full:https://registry.npmjs.org/hermes-estree set size:undefined disposed:false
1548 http fetch GET 200 https://registry.npmjs.org/@babel%2ftypes 242ms (cache miss)
1549 silly packumentCache full:https://registry.npmjs.org/@babel%2ftypes set size:undefined disposed:false
1550 http fetch GET 200 https://registry.npmjs.org/@babel%2ftypes 207ms (cache miss)
1551 silly packumentCache full:https://registry.npmjs.org/@babel%2ftypes set size:undefined disposed:false
1552 http fetch GET 200 https://registry.npmjs.org/@babel%2ftraverse 265ms (cache miss)
1553 silly packumentCache full:https://registry.npmjs.org/@babel%2ftraverse set size:undefined disposed:false
1554 http fetch GET 200 https://registry.npmjs.org/@babel%2fhelpers 358ms (cache miss)
1555 silly packumentCache full:https://registry.npmjs.org/@babel%2fhelpers set size:undefined disposed:false
1556 http fetch GET 200 https://registry.npmjs.org/@babel%2fgenerator 433ms (cache miss)
1557 silly packumentCache full:https://registry.npmjs.org/@babel%2fgenerator set size:undefined disposed:false
1558 silly fetch manifest @babel/core@^7.0.0
1559 silly packumentCache full:https://registry.npmjs.org/@babel%2fcore cache-miss
1560 http cache https://registry.npmjs.org/@babel%2fcore 7ms (cache hit)
1561 silly packumentCache full:https://registry.npmjs.org/@babel%2fcore set size:768033 disposed:false
1562 silly placeDep ROOT @babel/code-frame@7.29.0 OK for: @babel/core@7.29.0 want: ^7.29.0
1563 silly placeDep ROOT @babel/generator@7.29.1 OK for: @babel/core@7.29.0 want: ^7.29.0
1564 silly placeDep ROOT @babel/helper-compilation-targets@7.28.6 OK for: @babel/core@7.29.0 want: ^7.28.6
1565 silly placeDep ROOT @babel/helper-module-transforms@7.28.6 OK for: @babel/core@7.29.0 want: ^7.28.6
1566 silly placeDep ROOT @babel/helpers@7.29.2 OK for: @babel/core@7.29.0 want: ^7.28.6
1567 silly placeDep ROOT @babel/template@7.28.6 OK for: @babel/core@7.29.0 want: ^7.28.6
1568 silly placeDep ROOT @babel/traverse@7.29.0 OK for: @babel/core@7.29.0 want: ^7.29.0
1569 silly placeDep ROOT @babel/types@7.29.0 OK for: @babel/core@7.29.0 want: ^7.29.0
1570 silly placeDep ROOT @jridgewell/remapping@2.3.5 OK for: @babel/core@7.29.0 want: ^2.3.5
1571 silly placeDep ROOT convert-source-map@2.0.0 OK for: @babel/core@7.29.0 want: ^2.0.0
1572 silly placeDep ROOT gensync@1.0.0-beta.2 OK for: @babel/core@7.29.0 want: ^1.0.0-beta.2
1573 silly placeDep ROOT json5@2.2.3 OK for: @babel/core@7.29.0 want: ^2.2.3
1574 silly placeDep node_modules/@babel/core semver@6.3.1 OK for: @babel/core@7.29.0 want: ^6.3.1
1575 silly fetch manifest js-tokens@^4.0.0
1576 silly packumentCache full:https://registry.npmjs.org/js-tokens cache-miss
1577 silly fetch manifest @babel/helper-validator-identifier@^7.28.5
1578 silly packumentCache full:https://registry.npmjs.org/@babel%2fhelper-validator-identifier cache-miss
1579 silly fetch manifest jsesc@^3.0.2
1580 silly packumentCache full:https://registry.npmjs.org/jsesc cache-miss
1581 silly fetch manifest @jridgewell/gen-mapping@^0.3.12
1582 silly packumentCache full:https://registry.npmjs.org/@jridgewell%2fgen-mapping cache-miss
1583 silly fetch manifest @jridgewell/trace-mapping@^0.3.28
1584 silly packumentCache full:https://registry.npmjs.org/@jridgewell%2ftrace-mapping cache-miss
1585 silly fetch manifest lru-cache@^5.1.1
1586 silly packumentCache full:https://registry.npmjs.org/lru-cache cache-miss
1587 silly fetch manifest browserslist@^4.24.0
1588 silly packumentCache full:https://registry.npmjs.org/browserslist cache-miss
1589 silly fetch manifest @babel/compat-data@^7.28.6
1590 silly packumentCache full:https://registry.npmjs.org/@babel%2fcompat-data cache-miss
1591 silly fetch manifest @babel/helper-validator-option@^7.27.1
1592 silly packumentCache full:https://registry.npmjs.org/@babel%2fhelper-validator-option cache-miss
1593 silly fetch manifest @babel/traverse@^7.28.6
1594 silly packumentCache full:https://registry.npmjs.org/@babel%2ftraverse cache-miss
1595 silly fetch manifest @babel/helper-module-imports@^7.28.6
1596 silly packumentCache full:https://registry.npmjs.org/@babel%2fhelper-module-imports cache-miss
1597 http cache https://registry.npmjs.org/@babel%2ftraverse 13ms (cache hit)
1598 silly packumentCache full:https://registry.npmjs.org/@babel%2ftraverse set size:553169 disposed:false
1599 silly fetch manifest @babel/helper-validator-identifier@^7.28.5
1600 silly packumentCache full:https://registry.npmjs.org/@babel%2fhelper-validator-identifier cache-miss
1601 http fetch GET 200 https://registry.npmjs.org/js-tokens 39ms (cache miss)
1602 silly packumentCache full:https://registry.npmjs.org/js-tokens set size:undefined disposed:false
1603 silly fetch manifest @babel/types@^7.28.6
1604 silly packumentCache full:https://registry.npmjs.org/@babel%2ftypes cache-miss
1605 http cache https://registry.npmjs.org/@babel%2ftypes 4ms (cache hit)
1606 silly packumentCache full:https://registry.npmjs.org/@babel%2ftypes set size:491978 disposed:false
1607 silly fetch manifest @babel/helper-globals@^7.28.0
1608 silly packumentCache full:https://registry.npmjs.org/@babel%2fhelper-globals cache-miss
1609 http fetch GET 200 https://registry.npmjs.org/jsesc 51ms (cache miss)
1610 silly packumentCache full:https://registry.npmjs.org/jsesc set size:undefined disposed:false
1611 silly fetch manifest @babel/helper-string-parser@^7.27.1
1612 silly packumentCache full:https://registry.npmjs.org/@babel%2fhelper-string-parser cache-miss
1613 http fetch GET 200 https://registry.npmjs.org/@babel%2fhelper-validator-identifier 60ms (cache miss)
1614 silly packumentCache full:https://registry.npmjs.org/@babel%2fhelper-validator-identifier set size:undefined disposed:false
1615 silly fetch manifest @jridgewell/gen-mapping@^0.3.5
1616 silly packumentCache full:https://registry.npmjs.org/@jridgewell%2fgen-mapping cache-miss
1617 http fetch GET 200 https://registry.npmjs.org/@jridgewell%2fgen-mapping 65ms (cache miss)
1618 silly packumentCache full:https://registry.npmjs.org/@jridgewell%2fgen-mapping set size:undefined disposed:false
1619 silly fetch manifest @jridgewell/trace-mapping@^0.3.24
1620 silly packumentCache full:https://registry.npmjs.org/@jridgewell%2ftrace-mapping cache-miss
1621 http fetch GET 200 https://registry.npmjs.org/@babel%2fhelper-validator-identifier 65ms (cache miss)
1622 silly packumentCache full:https://registry.npmjs.org/@babel%2fhelper-validator-identifier set size:undefined disposed:false
1623 http fetch GET 200 https://registry.npmjs.org/@babel%2fcompat-data 85ms (cache miss)
1624 silly packumentCache full:https://registry.npmjs.org/@babel%2fcompat-data set size:undefined disposed:false
1625 http fetch GET 200 https://registry.npmjs.org/@babel%2fhelper-validator-option 87ms (cache miss)
1626 silly packumentCache full:https://registry.npmjs.org/@babel%2fhelper-validator-option set size:undefined disposed:false
1627 http fetch GET 200 https://registry.npmjs.org/browserslist 89ms (cache miss)
1628 silly packumentCache full:https://registry.npmjs.org/browserslist set size:undefined disposed:false
1629 http fetch GET 200 https://registry.npmjs.org/@babel%2fhelper-globals 52ms (cache miss)
1630 silly packumentCache full:https://registry.npmjs.org/@babel%2fhelper-globals set size:undefined disposed:false
1631 http fetch GET 200 https://registry.npmjs.org/@babel%2fhelper-module-imports 98ms (cache miss)
1632 silly packumentCache full:https://registry.npmjs.org/@babel%2fhelper-module-imports set size:undefined disposed:false
1633 http fetch GET 200 https://registry.npmjs.org/@babel%2fhelper-string-parser 51ms (cache miss)
1634 silly packumentCache full:https://registry.npmjs.org/@babel%2fhelper-string-parser set size:undefined disposed:false
1635 http fetch GET 200 https://registry.npmjs.org/@jridgewell%2fgen-mapping 42ms (cache miss)
1636 silly packumentCache full:https://registry.npmjs.org/@jridgewell%2fgen-mapping set size:undefined disposed:false
1637 http fetch GET 200 https://registry.npmjs.org/@jridgewell%2ftrace-mapping 237ms (cache miss)
1638 silly packumentCache full:https://registry.npmjs.org/@jridgewell%2ftrace-mapping set size:undefined disposed:false
1639 http fetch GET 200 https://registry.npmjs.org/@jridgewell%2ftrace-mapping 176ms (cache miss)
1640 silly packumentCache full:https://registry.npmjs.org/@jridgewell%2ftrace-mapping set size:undefined disposed:false
1641 http fetch GET 200 https://registry.npmjs.org/lru-cache 278ms (cache miss)
1642 silly packumentCache full:https://registry.npmjs.org/lru-cache set size:undefined disposed:false
1643 silly placeDep ROOT @babel/helper-validator-identifier@7.28.5 OK for: @babel/code-frame@7.29.0 want: ^7.28.5
1644 silly placeDep ROOT js-tokens@4.0.0 OK for: @babel/code-frame@7.29.0 want: ^4.0.0
1645 silly placeDep ROOT @jridgewell/gen-mapping@0.3.13 OK for: @babel/generator@7.29.1 want: ^0.3.12
1646 silly placeDep ROOT @jridgewell/trace-mapping@0.3.31 OK for: @babel/generator@7.29.1 want: ^0.3.28
1647 silly placeDep ROOT jsesc@3.1.0 OK for: @babel/generator@7.29.1 want: ^3.0.2
1648 silly fetch manifest @jridgewell/sourcemap-codec@^1.5.0
1649 silly packumentCache full:https://registry.npmjs.org/@jridgewell%2fsourcemap-codec cache-miss
1650 silly fetch manifest @jridgewell/resolve-uri@^3.1.0
1651 silly packumentCache full:https://registry.npmjs.org/@jridgewell%2fresolve-uri cache-miss
1652 silly fetch manifest @jridgewell/sourcemap-codec@^1.4.14
1653 silly packumentCache full:https://registry.npmjs.org/@jridgewell%2fsourcemap-codec cache-miss
1654 http fetch GET 200 https://registry.npmjs.org/@jridgewell%2fresolve-uri 53ms (cache miss)
1655 silly packumentCache full:https://registry.npmjs.org/@jridgewell%2fresolve-uri set size:undefined disposed:false
1656 http fetch GET 200 https://registry.npmjs.org/@jridgewell%2fsourcemap-codec 53ms (cache miss)
1657 silly packumentCache full:https://registry.npmjs.org/@jridgewell%2fsourcemap-codec set size:undefined disposed:false
1658 http fetch GET 200 https://registry.npmjs.org/@jridgewell%2fsourcemap-codec 56ms (cache miss)
1659 silly packumentCache full:https://registry.npmjs.org/@jridgewell%2fsourcemap-codec set size:undefined disposed:false
1660 silly placeDep ROOT @babel/compat-data@7.29.3 OK for: @babel/helper-compilation-targets@7.28.6 want: ^7.28.6
1661 silly placeDep ROOT @babel/helper-validator-option@7.27.1 OK for: @babel/helper-compilation-targets@7.28.6 want: ^7.27.1
1662 silly placeDep ROOT browserslist@4.28.2 OK for: @babel/helper-compilation-targets@7.28.6 want: ^4.24.0
1663 silly placeDep ROOT lru-cache@5.1.1 OK for: @babel/helper-compilation-targets@7.28.6 want: ^5.1.1
1664 silly placeDep node_modules/@babel/helper-compilation-targets semver@6.3.1 OK for: @babel/helper-compilation-targets@7.28.6 want: ^6.3.1
1665 silly fetch manifest electron-to-chromium@^1.5.328
1666 silly packumentCache full:https://registry.npmjs.org/electron-to-chromium cache-miss
1667 silly fetch manifest node-releases@^2.0.36
1668 silly packumentCache full:https://registry.npmjs.org/node-releases cache-miss
1669 silly fetch manifest update-browserslist-db@^1.2.3
1670 silly packumentCache full:https://registry.npmjs.org/update-browserslist-db cache-miss
1671 silly fetch manifest yallist@^3.0.2
1672 silly packumentCache full:https://registry.npmjs.org/yallist cache-miss
1673 http fetch GET 200 https://registry.npmjs.org/update-browserslist-db 31ms (cache miss)
1674 silly packumentCache full:https://registry.npmjs.org/update-browserslist-db set size:undefined disposed:false
1675 http fetch GET 200 https://registry.npmjs.org/yallist 44ms (cache miss)
1676 silly packumentCache full:https://registry.npmjs.org/yallist set size:undefined disposed:false
1677 http fetch GET 200 https://registry.npmjs.org/node-releases 46ms (cache miss)
1678 silly packumentCache full:https://registry.npmjs.org/node-releases set size:undefined disposed:false
1679 http fetch GET 200 https://registry.npmjs.org/electron-to-chromium 365ms (cache miss)
1680 silly packumentCache full:https://registry.npmjs.org/electron-to-chromium set size:undefined disposed:false
1681 silly placeDep ROOT @babel/helper-module-imports@7.28.6 OK for: @babel/helper-module-transforms@7.28.6 want: ^7.28.6
1682 silly placeDep ROOT @babel/helper-globals@7.28.0 OK for: @babel/traverse@7.29.0 want: ^7.28.0
1683 silly placeDep ROOT @babel/helper-string-parser@7.27.1 OK for: @babel/types@7.29.0 want: ^7.27.1
1684 silly placeDep ROOT @jridgewell/sourcemap-codec@1.5.5 OK for: @jridgewell/gen-mapping@0.3.13 want: ^1.5.0
1685 silly placeDep ROOT @jridgewell/resolve-uri@3.1.2 OK for: @jridgewell/trace-mapping@0.3.31 want: ^3.1.0
1686 silly fetch manifest browserslist@>= 4.21.0
1687 silly packumentCache full:https://registry.npmjs.org/browserslist cache-miss
1688 http cache https://registry.npmjs.org/browserslist 5ms (cache hit)
1689 silly packumentCache full:https://registry.npmjs.org/browserslist set size:504681 disposed:false
1690 silly placeDep ROOT electron-to-chromium@1.5.355 OK for: browserslist@4.28.2 want: ^1.5.328
1691 silly placeDep ROOT node-releases@2.0.44 OK for: browserslist@4.28.2 want: ^2.0.36
1692 silly placeDep ROOT update-browserslist-db@1.2.3 OK for: browserslist@4.28.2 want: ^1.2.3
1693 silly fetch manifest escalade@^3.2.0
1694 silly packumentCache full:https://registry.npmjs.org/escalade cache-miss
1695 http fetch GET 200 https://registry.npmjs.org/escalade 32ms (cache miss)
1696 silly packumentCache full:https://registry.npmjs.org/escalade set size:undefined disposed:false
1697 silly placeDep ROOT esrecurse@4.3.0 OK for: eslint-scope@8.4.0 want: ^4.3.0
1698 silly placeDep ROOT acorn@8.16.0 OK for: espree@10.4.0 want: ^8.15.0
1699 silly placeDep ROOT acorn-jsx@5.3.2 OK for: espree@10.4.0 want: ^5.3.2
1700 silly placeDep ROOT @nodelib/fs.stat@2.0.5 OK for: fast-glob@3.3.1 want: ^2.0.2
1701 silly placeDep ROOT @nodelib/fs.walk@1.2.8 OK for: fast-glob@3.3.1 want: ^1.2.3
1702 silly placeDep node_modules/fast-glob glob-parent@5.1.2 OK for: fast-glob@3.3.1 want: ^5.1.2
1703 silly placeDep ROOT merge2@1.4.1 OK for: fast-glob@3.3.1 want: ^1.3.0
1704 silly placeDep ROOT micromatch@4.0.8 OK for: fast-glob@3.3.1 want: ^4.0.4
1705 silly fetch manifest fastq@^1.6.0
1706 silly packumentCache full:https://registry.npmjs.org/fastq cache-miss
1707 silly fetch manifest @nodelib/fs.scandir@2.1.5
1708 silly packumentCache full:https://registry.npmjs.org/@nodelib%2ffs.scandir cache-miss
1709 silly fetch manifest braces@^3.0.3
1710 silly packumentCache full:https://registry.npmjs.org/braces cache-miss
1711 silly fetch manifest picomatch@^2.3.1
1712 silly packumentCache full:https://registry.npmjs.org/picomatch cache-miss
1713 http cache https://registry.npmjs.org/picomatch 6ms (cache hit)
1714 silly packumentCache full:https://registry.npmjs.org/picomatch set size:126376 disposed:false
1715 http fetch GET 200 https://registry.npmjs.org/@nodelib%2ffs.scandir 96ms (cache miss)
1716 silly packumentCache full:https://registry.npmjs.org/@nodelib%2ffs.scandir set size:undefined disposed:false
1717 http fetch GET 200 https://registry.npmjs.org/fastq 224ms (cache miss)
1718 silly packumentCache full:https://registry.npmjs.org/fastq set size:undefined disposed:false
1719 http fetch GET 200 https://registry.npmjs.org/braces 240ms (cache miss)
1720 silly packumentCache full:https://registry.npmjs.org/braces set size:undefined disposed:false
1721 silly placeDep ROOT @nodelib/fs.scandir@2.1.5 OK for: @nodelib/fs.walk@1.2.8 want: 2.1.5
1722 silly placeDep ROOT fastq@1.20.1 OK for: @nodelib/fs.walk@1.2.8 want: ^1.6.0
1723 silly fetch manifest run-parallel@^1.1.9
1724 silly packumentCache full:https://registry.npmjs.org/run-parallel cache-miss
1725 silly fetch manifest reusify@^1.0.4
1726 silly packumentCache full:https://registry.npmjs.org/reusify cache-miss
1727 http fetch GET 200 https://registry.npmjs.org/run-parallel 30ms (cache miss)
1728 silly packumentCache full:https://registry.npmjs.org/run-parallel set size:undefined disposed:false
1729 http fetch GET 200 https://registry.npmjs.org/reusify 35ms (cache miss)
1730 silly packumentCache full:https://registry.npmjs.org/reusify set size:undefined disposed:false
1731 silly placeDep ROOT run-parallel@1.2.0 OK for: @nodelib/fs.scandir@2.1.5 want: ^1.1.9
1732 silly fetch manifest queue-microtask@^1.2.2
1733 silly packumentCache full:https://registry.npmjs.org/queue-microtask cache-miss
1734 http fetch GET 200 https://registry.npmjs.org/queue-microtask 32ms (cache miss)
1735 silly packumentCache full:https://registry.npmjs.org/queue-microtask set size:undefined disposed:false
1736 silly placeDep ROOT reusify@1.1.0 OK for: fastq@1.20.1 want: ^1.0.4
1737 silly placeDep ROOT flat-cache@4.0.1 OK for: file-entry-cache@8.0.0 want: ^4.0.0
1738 silly fetch manifest keyv@^4.5.4
1739 silly packumentCache full:https://registry.npmjs.org/keyv cache-miss
1740 silly fetch manifest flatted@^3.2.9
1741 silly packumentCache full:https://registry.npmjs.org/flatted cache-miss
1742 http fetch GET 200 https://registry.npmjs.org/flatted 35ms (cache miss)
1743 silly packumentCache full:https://registry.npmjs.org/flatted set size:undefined disposed:false
1744 http fetch GET 200 https://registry.npmjs.org/keyv 39ms (cache miss)
1745 silly packumentCache full:https://registry.npmjs.org/keyv set size:undefined disposed:false
1746 silly placeDep ROOT locate-path@6.0.0 OK for: find-up@5.0.0 want: ^6.0.0
1747 silly placeDep ROOT path-exists@4.0.0 OK for: find-up@5.0.0 want: ^4.0.0
1748 silly fetch manifest p-locate@^5.0.0
1749 silly packumentCache full:https://registry.npmjs.org/p-locate cache-miss
1750 http fetch GET 200 https://registry.npmjs.org/p-locate 37ms (cache miss)
1751 silly packumentCache full:https://registry.npmjs.org/p-locate set size:undefined disposed:false
1752 silly placeDep ROOT flatted@3.4.2 OK for: flat-cache@4.0.1 want: ^3.2.9
1753 silly placeDep ROOT keyv@4.5.4 OK for: flat-cache@4.0.1 want: ^4.5.4
1754 silly fetch manifest json-buffer@3.0.1
1755 silly packumentCache full:https://registry.npmjs.org/json-buffer cache-miss
1756 http fetch GET 200 https://registry.npmjs.org/json-buffer 28ms (cache miss)
1757 silly packumentCache full:https://registry.npmjs.org/json-buffer set size:undefined disposed:false
1758 silly placeDep ROOT functions-have-names@1.2.3 OK for: function.prototype.name@1.1.8 want: ^1.2.3
1759 silly placeDep ROOT dunder-proto@1.0.1 OK for: get-proto@1.0.1 want: ^1.0.1
1760 silly placeDep ROOT resolve-pkg-maps@1.0.0 OK for: get-tsconfig@4.14.0 want: ^1.0.0
1761 silly placeDep ROOT hermes-estree@0.25.1 OK for: hermes-parser@0.25.1 want: 0.25.1
1762 silly placeDep ROOT parent-module@1.0.1 OK for: import-fresh@3.3.1 want: ^1.0.0
1763 silly placeDep ROOT resolve-from@4.0.0 OK for: import-fresh@3.3.1 want: ^4.0.0
1764 silly fetch manifest callsites@^3.0.0
1765 silly packumentCache full:https://registry.npmjs.org/callsites cache-miss
1766 http fetch GET 200 https://registry.npmjs.org/callsites 33ms (cache miss)
1767 silly packumentCache full:https://registry.npmjs.org/callsites set size:undefined disposed:false
1768 silly placeDep ROOT side-channel@1.1.0 OK for: internal-slot@1.1.0 want: ^1.1.0
1769 silly fetch manifest side-channel-list@^1.0.0
1770 silly packumentCache full:https://registry.npmjs.org/side-channel-list cache-miss
1771 silly fetch manifest side-channel-map@^1.0.1
1772 silly packumentCache full:https://registry.npmjs.org/side-channel-map cache-miss
1773 silly fetch manifest side-channel-weakmap@^1.0.2
1774 silly packumentCache full:https://registry.npmjs.org/side-channel-weakmap cache-miss
1775 http fetch GET 200 https://registry.npmjs.org/side-channel-list 32ms (cache miss)
1776 silly packumentCache full:https://registry.npmjs.org/side-channel-list set size:undefined disposed:false
1777 http fetch GET 200 https://registry.npmjs.org/side-channel-weakmap 35ms (cache miss)
1778 silly packumentCache full:https://registry.npmjs.org/side-channel-weakmap set size:undefined disposed:false
1779 http fetch GET 200 https://registry.npmjs.org/side-channel-map 37ms (cache miss)
1780 silly packumentCache full:https://registry.npmjs.org/side-channel-map set size:undefined disposed:false
1781 silly placeDep ROOT is-extglob@2.1.1 OK for: is-glob@4.0.3 want: ^2.1.1
1782 silly placeDep ROOT set-function-name@2.0.2 OK for: iterator.prototype@1.1.5 want: ^2.0.2
1783 silly placeDep ROOT argparse@2.0.1 OK for: js-yaml@4.1.1 want: ^2.0.1
1784 silly placeDep ROOT json-buffer@3.0.1 OK for: keyv@4.5.4 want: 3.0.1
1785 silly placeDep ROOT language-subtag-registry@0.3.23 OK for: language-tags@1.0.9 want: ^0.3.20
1786 silly placeDep ROOT prelude-ls@1.2.1 OK for: levn@0.4.1 want: ^1.2.1
1787 silly placeDep ROOT type-check@0.4.0 OK for: levn@0.4.1 want: ~0.4.0
1788 silly placeDep ROOT p-locate@5.0.0 OK for: locate-path@6.0.0 want: ^5.0.0
1789 silly fetch manifest p-limit@^3.0.2
1790 silly packumentCache full:https://registry.npmjs.org/p-limit cache-miss
1791 http fetch GET 200 https://registry.npmjs.org/p-limit 33ms (cache miss)
1792 silly packumentCache full:https://registry.npmjs.org/p-limit set size:undefined disposed:false
1793 silly placeDep ROOT yallist@3.1.1 OK for: lru-cache@5.1.1 want: ^3.0.2
1794 silly placeDep ROOT braces@3.0.3 OK for: micromatch@4.0.8 want: ^3.0.3
1795 silly placeDep ROOT picomatch@2.3.2 OK for: micromatch@4.0.8 want: ^2.3.1
1796 silly fetch manifest fill-range@^7.1.1
1797 silly packumentCache full:https://registry.npmjs.org/fill-range cache-miss
1798 http fetch GET 200 https://registry.npmjs.org/fill-range 216ms (cache miss)
1799 silly packumentCache full:https://registry.npmjs.org/fill-range set size:undefined disposed:false
1800 silly placeDep ROOT fill-range@7.1.1 OK for: braces@3.0.3 want: ^7.1.1
1801 silly fetch manifest to-regex-range@^5.0.1
1802 silly packumentCache full:https://registry.npmjs.org/to-regex-range cache-miss
1803 http fetch GET 200 https://registry.npmjs.org/to-regex-range 31ms (cache miss)
1804 silly packumentCache full:https://registry.npmjs.org/to-regex-range set size:undefined disposed:false
1805 silly placeDep ROOT to-regex-range@5.0.1 OK for: fill-range@7.1.1 want: ^5.0.1
1806 silly fetch manifest is-number@^7.0.0
1807 silly packumentCache full:https://registry.npmjs.org/is-number cache-miss
1808 http fetch GET 200 https://registry.npmjs.org/is-number 202ms (cache miss)
1809 silly packumentCache full:https://registry.npmjs.org/is-number set size:undefined disposed:false
1810 silly placeDep ROOT brace-expansion@1.1.14 OK for: minimatch@3.1.5 want: ^1.1.7
1811 silly fetch manifest concat-map@0.0.1
1812 silly packumentCache full:https://registry.npmjs.org/concat-map cache-miss
1813 silly fetch manifest balanced-match@^1.0.0
1814 silly packumentCache full:https://registry.npmjs.org/balanced-match cache-miss
1815 http fetch GET 200 https://registry.npmjs.org/concat-map 28ms (cache miss)
1816 silly packumentCache full:https://registry.npmjs.org/concat-map set size:undefined disposed:false
1817 http fetch GET 200 https://registry.npmjs.org/balanced-match 41ms (cache miss)
1818 silly packumentCache full:https://registry.npmjs.org/balanced-match set size:undefined disposed:false
1819 silly placeDep ROOT balanced-match@1.0.2 OK for: brace-expansion@1.1.14 want: ^1.0.0
1820 silly placeDep ROOT concat-map@0.0.1 OK for: brace-expansion@1.1.14 want: 0.0.1
1821 silly placeDep ROOT deep-is@0.1.4 OK for: optionator@0.9.4 want: ^0.1.3
1822 silly placeDep ROOT fast-levenshtein@2.0.6 OK for: optionator@0.9.4 want: ^2.0.6
1823 silly placeDep ROOT word-wrap@1.2.5 OK for: optionator@0.9.4 want: ^1.2.5
1824 silly placeDep ROOT p-limit@3.1.0 OK for: p-locate@5.0.0 want: ^3.0.2
1825 silly fetch manifest yocto-queue@^0.1.0
1826 silly packumentCache full:https://registry.npmjs.org/yocto-queue cache-miss
1827 http fetch GET 200 https://registry.npmjs.org/yocto-queue 33ms (cache miss)
1828 silly packumentCache full:https://registry.npmjs.org/yocto-queue set size:undefined disposed:false
1829 silly placeDep ROOT yocto-queue@0.1.0 OK for: p-limit@3.1.0 want: ^0.1.0
1830 silly placeDep ROOT callsites@3.1.0 OK for: parent-module@1.0.1 want: ^3.0.0
1831 silly placeDep ROOT loose-envify@1.4.0 OK for: prop-types@15.8.1 want: ^1.4.0
1832 silly placeDep ROOT object-assign@4.1.1 OK for: prop-types@15.8.1 want: ^4.1.1
1833 silly placeDep ROOT react-is@16.13.1 OK for: prop-types@15.8.1 want: ^16.13.1
1834 silly placeDep ROOT node-exports-info@1.6.0 OK for: resolve@2.0.0-next.6 want: ^1.6.0
1835 silly placeDep ROOT path-parse@1.0.7 OK for: resolve@2.0.0-next.6 want: ^1.0.7
1836 silly placeDep ROOT supports-preserve-symlinks-flag@1.0.0 OK for: resolve@2.0.0-next.6 want: ^1.0.0
1837 silly placeDep node_modules/node-exports-info semver@6.3.1 OK for: node-exports-info@1.6.0 want: ^6.3.1
1838 silly placeDep ROOT queue-microtask@1.2.3 OK for: run-parallel@1.2.0 want: ^1.2.2
1839 silly placeDep ROOT isarray@2.0.5 OK for: safe-array-concat@1.1.4 want: ^2.0.5
1840 silly placeDep ROOT shebang-regex@3.0.0 OK for: shebang-command@2.0.0 want: ^3.0.0
1841 silly placeDep ROOT side-channel-list@1.0.1 OK for: side-channel@1.1.0 want: ^1.0.0
1842 silly placeDep ROOT side-channel-map@1.0.1 OK for: side-channel@1.1.0 want: ^1.0.1
1843 silly placeDep ROOT side-channel-weakmap@1.0.2 OK for: side-channel@1.1.0 want: ^1.0.2
1844 silly placeDep ROOT has-flag@4.0.0 OK for: supports-color@7.2.0 want: ^4.0.0
1845 silly placeDep node_modules/tinyglobby fdir@6.5.0 OK for: tinyglobby@0.2.16 want: ^6.5.0
1846 silly placeDep node_modules/tinyglobby picomatch@4.0.4 OK for: fdir@6.5.0 want: ^3 || ^4
1847 silly placeDep ROOT is-number@7.0.0 OK for: to-regex-range@5.0.1 want: ^7.0.0
1848 silly placeDep ROOT @types/json5@0.0.29 OK for: tsconfig-paths@3.15.0 want: ^0.0.29
1849 silly placeDep node_modules/tsconfig-paths json5@1.0.2 OK for: tsconfig-paths@3.15.0 want: ^1.0.2
1850 silly placeDep ROOT minimist@1.2.8 OK for: tsconfig-paths@3.15.0 want: ^1.2.6
1851 silly placeDep ROOT strip-bom@3.0.0 OK for: tsconfig-paths@3.15.0 want: ^3.0.0
1852 silly fetch manifest minimist@^1.2.0
1853 silly packumentCache full:https://registry.npmjs.org/minimist cache-miss
1854 http cache https://registry.npmjs.org/minimist 4ms (cache hit)
1855 silly packumentCache full:https://registry.npmjs.org/minimist set size:77063 disposed:false
1856 silly placeDep ROOT for-each@0.3.5 OK for: typed-array-byte-length@1.0.3 want: ^0.3.3
1857 silly placeDep ROOT reflect.getprototypeof@1.0.10 OK for: typed-array-byte-offset@1.0.4 want: ^1.0.9
1858 silly fetch manifest which-builtin-type@^1.2.1
1859 silly packumentCache full:https://registry.npmjs.org/which-builtin-type cache-miss
1860 http fetch GET 200 https://registry.npmjs.org/which-builtin-type 32ms (cache miss)
1861 silly packumentCache full:https://registry.npmjs.org/which-builtin-type set size:undefined disposed:false
1862 silly placeDep ROOT which-builtin-type@1.2.1 OK for: reflect.getprototypeof@1.0.10 want: ^1.2.1
1863 silly fetch manifest is-async-function@^2.0.0
1864 silly packumentCache full:https://registry.npmjs.org/is-async-function cache-miss
1865 silly fetch manifest is-finalizationregistry@^1.1.0
1866 silly packumentCache full:https://registry.npmjs.org/is-finalizationregistry cache-miss
1867 silly fetch manifest is-generator-function@^1.0.10
1868 silly packumentCache full:https://registry.npmjs.org/is-generator-function cache-miss
1869 silly fetch manifest which-boxed-primitive@^1.1.0
1870 silly packumentCache full:https://registry.npmjs.org/which-boxed-primitive cache-miss
1871 silly fetch manifest which-collection@^1.0.2
1872 silly packumentCache full:https://registry.npmjs.org/which-collection cache-miss
1873 http cache https://registry.npmjs.org/which-boxed-primitive 7ms (cache hit)
1874 silly packumentCache full:https://registry.npmjs.org/which-boxed-primitive set size:19407 disposed:false
1875 http fetch GET 200 https://registry.npmjs.org/which-collection 34ms (cache miss)
1876 silly packumentCache full:https://registry.npmjs.org/which-collection set size:undefined disposed:false
1877 http fetch GET 200 https://registry.npmjs.org/is-async-function 35ms (cache miss)
1878 silly packumentCache full:https://registry.npmjs.org/is-async-function set size:undefined disposed:false
1879 http fetch GET 200 https://registry.npmjs.org/is-finalizationregistry 39ms (cache miss)
1880 silly packumentCache full:https://registry.npmjs.org/is-finalizationregistry set size:undefined disposed:false
1881 http fetch GET 200 https://registry.npmjs.org/is-generator-function 45ms (cache miss)
1882 silly packumentCache full:https://registry.npmjs.org/is-generator-function set size:undefined disposed:false
1883 silly fetch manifest eslint@^8.57.0 || ^9.0.0 || ^10.0.0
1884 silly packumentCache full:https://registry.npmjs.org/eslint cache-miss
1885 http cache https://registry.npmjs.org/eslint 6ms (cache hit)
1886 silly packumentCache full:https://registry.npmjs.org/eslint set size:1990528 disposed:false
1887 silly fetch manifest typescript@>=4.8.4 <6.1.0
1888 silly packumentCache full:https://registry.npmjs.org/typescript cache-miss
1889 http cache https://registry.npmjs.org/typescript 37ms (cache hit)
1890 silly packumentCache full:https://registry.npmjs.org/typescript set size:15409943 disposed:false
1891 silly placeDep ROOT @typescript-eslint/eslint-plugin@8.59.3 OK for: typescript-eslint@8.59.3 want: 8.59.3
1892 silly placeDep ROOT @typescript-eslint/parser@8.59.3 OK for: @typescript-eslint/eslint-plugin@8.59.3 want: ^8.59.3
1893 silly placeDep ROOT @typescript-eslint/typescript-estree@8.59.3 OK for: typescript-eslint@8.59.3 want: 8.59.3
1894 silly placeDep ROOT @typescript-eslint/utils@8.59.3 OK for: typescript-eslint@8.59.3 want: 8.59.3
1895 silly fetch manifest ignore@^7.0.5
1896 silly packumentCache full:https://registry.npmjs.org/ignore cache-miss
1897 silly fetch manifest ts-api-utils@^2.5.0
1898 silly packumentCache full:https://registry.npmjs.org/ts-api-utils cache-miss
1899 silly fetch manifest @typescript-eslint/type-utils@8.59.3
1900 silly packumentCache full:https://registry.npmjs.org/@typescript-eslint%2ftype-utils cache-miss
1901 silly fetch manifest @typescript-eslint/visitor-keys@8.59.3
1902 silly packumentCache full:https://registry.npmjs.org/@typescript-eslint%2fvisitor-keys cache-miss
1903 silly fetch manifest @typescript-eslint/scope-manager@8.59.3
1904 silly packumentCache full:https://registry.npmjs.org/@typescript-eslint%2fscope-manager cache-miss
1905 silly fetch manifest @typescript-eslint/types@8.59.3
1906 silly packumentCache full:https://registry.npmjs.org/@typescript-eslint%2ftypes cache-miss
1907 silly fetch manifest @typescript-eslint/visitor-keys@8.59.3
1908 silly packumentCache full:https://registry.npmjs.org/@typescript-eslint%2fvisitor-keys cache-miss
1909 silly fetch manifest @typescript-eslint/scope-manager@8.59.3
1910 silly packumentCache full:https://registry.npmjs.org/@typescript-eslint%2fscope-manager cache-miss
1911 silly fetch manifest minimatch@^10.2.2
1912 silly packumentCache full:https://registry.npmjs.org/minimatch cache-hit
1913 silly fetch manifest ts-api-utils@^2.5.0
1914 silly packumentCache full:https://registry.npmjs.org/ts-api-utils cache-miss
1915 silly fetch manifest @typescript-eslint/types@8.59.3
1916 silly packumentCache full:https://registry.npmjs.org/@typescript-eslint%2ftypes cache-miss
1917 silly fetch manifest @typescript-eslint/visitor-keys@8.59.3
1918 silly packumentCache full:https://registry.npmjs.org/@typescript-eslint%2fvisitor-keys cache-miss
1919 http cache https://registry.npmjs.org/ignore 11ms (cache hit)
1920 silly packumentCache full:https://registry.npmjs.org/ignore set size:237380 disposed:false
1921 silly fetch manifest @typescript-eslint/tsconfig-utils@8.59.3
1922 silly packumentCache full:https://registry.npmjs.org/@typescript-eslint%2ftsconfig-utils cache-miss
1923 http fetch GET 200 https://registry.npmjs.org/ts-api-utils 43ms (cache miss)
1924 silly packumentCache full:https://registry.npmjs.org/ts-api-utils set size:undefined disposed:false
1925 silly fetch manifest @typescript-eslint/project-service@8.59.3
1926 silly packumentCache full:https://registry.npmjs.org/@typescript-eslint%2fproject-service cache-miss
1927 http fetch GET 200 https://registry.npmjs.org/ts-api-utils 60ms (cache miss)
1928 silly packumentCache full:https://registry.npmjs.org/ts-api-utils set size:undefined disposed:false
1929 silly fetch manifest @typescript-eslint/types@8.59.3
1930 silly packumentCache full:https://registry.npmjs.org/@typescript-eslint%2ftypes cache-miss
1931 http fetch GET 200 https://registry.npmjs.org/@typescript-eslint%2ftsconfig-utils 276ms (cache miss)
1932 silly packumentCache full:https://registry.npmjs.org/@typescript-eslint%2ftsconfig-utils set size:undefined disposed:false
1933 silly fetch manifest @typescript-eslint/scope-manager@8.59.3
1934 silly packumentCache full:https://registry.npmjs.org/@typescript-eslint%2fscope-manager cache-miss
1935 http fetch GET 200 https://registry.npmjs.org/@typescript-eslint%2fvisitor-keys 1328ms (cache miss)
1936 silly packumentCache full:https://registry.npmjs.org/@typescript-eslint%2fvisitor-keys set size:undefined disposed:false
1937 http fetch GET 200 https://registry.npmjs.org/@typescript-eslint%2fproject-service 1371ms (cache miss)
1938 silly packumentCache full:https://registry.npmjs.org/@typescript-eslint%2fproject-service set size:undefined disposed:false
1939 http fetch GET 200 https://registry.npmjs.org/@typescript-eslint%2fvisitor-keys 1477ms (cache miss)
1940 silly packumentCache full:https://registry.npmjs.org/@typescript-eslint%2fvisitor-keys set size:undefined disposed:false
1941 http fetch GET 200 https://registry.npmjs.org/@typescript-eslint%2ftypes 1551ms (cache miss)
1942 silly packumentCache full:https://registry.npmjs.org/@typescript-eslint%2ftypes set size:undefined disposed:false
1943 http fetch GET 200 https://registry.npmjs.org/@typescript-eslint%2fscope-manager 1681ms (cache miss)
1944 silly packumentCache full:https://registry.npmjs.org/@typescript-eslint%2fscope-manager set size:undefined disposed:false
1945 http fetch GET 200 https://registry.npmjs.org/@typescript-eslint%2ftypes 1748ms (cache miss)
1946 silly packumentCache full:https://registry.npmjs.org/@typescript-eslint%2ftypes set size:undefined disposed:false
1947 http fetch GET 200 https://registry.npmjs.org/@typescript-eslint%2fscope-manager 1607ms (cache miss)
1948 silly packumentCache full:https://registry.npmjs.org/@typescript-eslint%2fscope-manager set size:undefined disposed:false
1949 http fetch GET 200 https://registry.npmjs.org/@typescript-eslint%2ftype-utils 2114ms (cache miss)
1950 silly packumentCache full:https://registry.npmjs.org/@typescript-eslint%2ftype-utils set size:undefined disposed:false
1951 http fetch GET 200 https://registry.npmjs.org/@typescript-eslint%2ftypes 2412ms (cache miss)
1952 silly packumentCache full:https://registry.npmjs.org/@typescript-eslint%2ftypes set size:undefined disposed:false
1953 http fetch GET 200 https://registry.npmjs.org/@typescript-eslint%2fscope-manager 2628ms (cache miss)
1954 silly packumentCache full:https://registry.npmjs.org/@typescript-eslint%2fscope-manager set size:undefined disposed:false
1955 http fetch GET 200 https://registry.npmjs.org/@typescript-eslint%2fvisitor-keys 2839ms (cache miss)
1956 silly packumentCache full:https://registry.npmjs.org/@typescript-eslint%2fvisitor-keys set size:undefined disposed:false
1957 silly placeDep ROOT @typescript-eslint/scope-manager@8.59.3 OK for: @typescript-eslint/eslint-plugin@8.59.3 want: 8.59.3
1958 silly placeDep ROOT @typescript-eslint/type-utils@8.59.3 OK for: @typescript-eslint/eslint-plugin@8.59.3 want: 8.59.3
1959 silly placeDep ROOT @typescript-eslint/visitor-keys@8.59.3 OK for: @typescript-eslint/eslint-plugin@8.59.3 want: 8.59.3
1960 silly placeDep node_modules/@typescript-eslint/eslint-plugin ignore@7.0.5 OK for: @typescript-eslint/eslint-plugin@8.59.3 want: ^7.0.5
1961 silly placeDep ROOT ts-api-utils@2.5.0 OK for: @typescript-eslint/eslint-plugin@8.59.3 want: ^2.5.0
1962 silly fetch manifest eslint-visitor-keys@^5.0.0
1963 silly packumentCache full:https://registry.npmjs.org/eslint-visitor-keys cache-hit
1964 silly placeDep ROOT @typescript-eslint/types@8.59.3 OK for: @typescript-eslint/parser@8.59.3 want: 8.59.3
1965 silly placeDep ROOT @typescript-eslint/project-service@8.59.3 OK for: @typescript-eslint/typescript-estree@8.59.3 want: 8.59.3
1966 silly placeDep ROOT @typescript-eslint/tsconfig-utils@8.59.3 OK for: @typescript-eslint/typescript-estree@8.59.3 want: 8.59.3
1967 silly placeDep node_modules/@typescript-eslint/typescript-estree minimatch@10.2.5 OK for: @typescript-eslint/typescript-estree@8.59.3 want: ^10.2.2
1968 silly fetch manifest @typescript-eslint/tsconfig-utils@^8.59.3
1969 silly packumentCache full:https://registry.npmjs.org/@typescript-eslint%2ftsconfig-utils cache-miss
1970 http cache https://registry.npmjs.org/@typescript-eslint%2ftsconfig-utils 5ms (cache hit)
1971 silly packumentCache full:https://registry.npmjs.org/@typescript-eslint%2ftsconfig-utils set size:1206806 disposed:false
1972 silly placeDep node_modules/@typescript-eslint/visitor-keys eslint-visitor-keys@5.0.1 OK for: @typescript-eslint/visitor-keys@8.59.3 want: ^5.0.0
1973 silly placeDep ROOT has-bigints@1.1.0 OK for: unbox-primitive@1.1.0 want: ^1.0.2
1974 silly placeDep ROOT which-boxed-primitive@1.1.1 OK for: unbox-primitive@1.1.0 want: ^1.1.1
1975 silly fetch manifest is-bigint@^1.1.0
1976 silly packumentCache full:https://registry.npmjs.org/is-bigint cache-miss
1977 silly fetch manifest is-boolean-object@^1.2.1
1978 silly packumentCache full:https://registry.npmjs.org/is-boolean-object cache-miss
1979 silly fetch manifest is-number-object@^1.1.1
1980 silly packumentCache full:https://registry.npmjs.org/is-number-object cache-miss
1981 http fetch GET 200 https://registry.npmjs.org/is-bigint 36ms (cache miss)
1982 silly packumentCache full:https://registry.npmjs.org/is-bigint set size:undefined disposed:false
1983 http fetch GET 200 https://registry.npmjs.org/is-boolean-object 37ms (cache miss)
1984 silly packumentCache full:https://registry.npmjs.org/is-boolean-object set size:undefined disposed:false
1985 http fetch GET 200 https://registry.npmjs.org/is-number-object 51ms (cache miss)
1986 silly packumentCache full:https://registry.npmjs.org/is-number-object set size:undefined disposed:false
1987 silly placeDep ROOT @unrs/resolver-binding-android-arm-eabi@1.11.1 OK for: unrs-resolver@1.11.1 want: 1.11.1
1988 silly placeDep ROOT @unrs/resolver-binding-android-arm64@1.11.1 OK for: unrs-resolver@1.11.1 want: 1.11.1
1989 silly placeDep ROOT @unrs/resolver-binding-darwin-arm64@1.11.1 OK for: unrs-resolver@1.11.1 want: 1.11.1
1990 silly placeDep ROOT @unrs/resolver-binding-darwin-x64@1.11.1 OK for: unrs-resolver@1.11.1 want: 1.11.1
1991 silly placeDep ROOT @unrs/resolver-binding-freebsd-x64@1.11.1 OK for: unrs-resolver@1.11.1 want: 1.11.1
1992 silly placeDep ROOT @unrs/resolver-binding-linux-arm-gnueabihf@1.11.1 OK for: unrs-resolver@1.11.1 want: 1.11.1
1993 silly placeDep ROOT @unrs/resolver-binding-linux-arm-musleabihf@1.11.1 OK for: unrs-resolver@1.11.1 want: 1.11.1
1994 silly placeDep ROOT @unrs/resolver-binding-linux-arm64-gnu@1.11.1 OK for: unrs-resolver@1.11.1 want: 1.11.1
1995 silly placeDep ROOT @unrs/resolver-binding-linux-arm64-musl@1.11.1 OK for: unrs-resolver@1.11.1 want: 1.11.1
1996 silly placeDep ROOT @unrs/resolver-binding-linux-ppc64-gnu@1.11.1 OK for: unrs-resolver@1.11.1 want: 1.11.1
1997 silly placeDep ROOT @unrs/resolver-binding-linux-riscv64-gnu@1.11.1 OK for: unrs-resolver@1.11.1 want: 1.11.1
1998 silly placeDep ROOT @unrs/resolver-binding-linux-riscv64-musl@1.11.1 OK for: unrs-resolver@1.11.1 want: 1.11.1
1999 silly placeDep ROOT @unrs/resolver-binding-linux-s390x-gnu@1.11.1 OK for: unrs-resolver@1.11.1 want: 1.11.1
2000 silly placeDep ROOT @unrs/resolver-binding-linux-x64-gnu@1.11.1 OK for: unrs-resolver@1.11.1 want: 1.11.1
2001 silly placeDep ROOT @unrs/resolver-binding-linux-x64-musl@1.11.1 OK for: unrs-resolver@1.11.1 want: 1.11.1
2002 silly placeDep ROOT @unrs/resolver-binding-wasm32-wasi@1.11.1 OK for: unrs-resolver@1.11.1 want: 1.11.1
2003 silly placeDep ROOT @unrs/resolver-binding-win32-arm64-msvc@1.11.1 OK for: unrs-resolver@1.11.1 want: 1.11.1
2004 silly placeDep ROOT @unrs/resolver-binding-win32-ia32-msvc@1.11.1 OK for: unrs-resolver@1.11.1 want: 1.11.1
2005 silly placeDep ROOT @unrs/resolver-binding-win32-x64-msvc@1.11.1 OK for: unrs-resolver@1.11.1 want: 1.11.1
2006 silly placeDep ROOT napi-postinstall@0.3.4 OK for: unrs-resolver@1.11.1 want: ^0.3.0
2007 silly fetch manifest @napi-rs/wasm-runtime@^0.2.11
2008 silly packumentCache full:https://registry.npmjs.org/@napi-rs%2fwasm-runtime cache-miss
2009 http fetch GET 200 https://registry.npmjs.org/@napi-rs%2fwasm-runtime 44ms (cache miss)
2010 silly packumentCache full:https://registry.npmjs.org/@napi-rs%2fwasm-runtime set size:undefined disposed:false
2011 silly placeDep ROOT @napi-rs/wasm-runtime@0.2.12 OK for: @unrs/resolver-binding-wasm32-wasi@1.11.1 want: ^0.2.11
2012 silly fetch manifest @emnapi/core@^1.4.3
2013 silly packumentCache full:https://registry.npmjs.org/@emnapi%2fcore cache-miss
2014 silly fetch manifest @tybys/wasm-util@^0.10.0
2015 silly packumentCache full:https://registry.npmjs.org/@tybys%2fwasm-util cache-miss
2016 http fetch GET 200 https://registry.npmjs.org/@emnapi%2fcore 53ms (cache miss)
2017 silly packumentCache full:https://registry.npmjs.org/@emnapi%2fcore set size:undefined disposed:false
2018 http fetch GET 200 https://registry.npmjs.org/@tybys%2fwasm-util 230ms (cache miss)
2019 silly packumentCache full:https://registry.npmjs.org/@tybys%2fwasm-util set size:undefined disposed:false
2020 silly placeDep ROOT @emnapi/core@1.10.0 OK for: @napi-rs/wasm-runtime@0.2.12 want: ^1.4.3
2021 silly placeDep ROOT @tybys/wasm-util@0.10.2 OK for: @napi-rs/wasm-runtime@0.2.12 want: ^0.10.0
2022 silly fetch manifest @emnapi/wasi-threads@1.2.1
2023 silly packumentCache full:https://registry.npmjs.org/@emnapi%2fwasi-threads cache-miss
2024 http fetch GET 200 https://registry.npmjs.org/@emnapi%2fwasi-threads 65ms (cache miss)
2025 silly packumentCache full:https://registry.npmjs.org/@emnapi%2fwasi-threads set size:undefined disposed:false
2026 silly placeDep ROOT @emnapi/wasi-threads@1.2.1 OK for: @emnapi/core@1.10.0 want: 1.2.1
2027 silly placeDep ROOT escalade@3.2.0 OK for: update-browserslist-db@1.2.3 want: ^3.2.0
2028 silly placeDep ROOT punycode@2.3.1 OK for: uri-js@4.4.1 want: ^2.1.0
2029 silly placeDep ROOT isexe@2.0.0 OK for: which@2.0.2 want: ^2.0.0
2030 silly placeDep ROOT is-bigint@1.1.0 OK for: which-boxed-primitive@1.1.1 want: ^1.1.0
2031 silly placeDep ROOT is-boolean-object@1.2.2 OK for: which-boxed-primitive@1.1.1 want: ^1.2.1
2032 silly placeDep ROOT is-number-object@1.1.1 OK for: which-boxed-primitive@1.1.1 want: ^1.1.1
2033 silly placeDep ROOT is-async-function@2.1.1 OK for: which-builtin-type@1.2.1 want: ^2.0.0
2034 silly placeDep ROOT is-finalizationregistry@1.1.1 OK for: which-builtin-type@1.2.1 want: ^1.1.0
2035 silly placeDep ROOT is-generator-function@1.1.2 OK for: which-builtin-type@1.2.1 want: ^1.0.10
2036 silly placeDep ROOT which-collection@1.0.2 OK for: which-builtin-type@1.2.1 want: ^1.0.2
2037 silly fetch manifest async-function@^1.0.0
2038 silly packumentCache full:https://registry.npmjs.org/async-function cache-miss
2039 silly fetch manifest generator-function@^2.0.0
2040 silly packumentCache full:https://registry.npmjs.org/generator-function cache-miss
2041 silly fetch manifest is-map@^2.0.3
2042 silly packumentCache full:https://registry.npmjs.org/is-map cache-miss
2043 silly fetch manifest is-weakmap@^2.0.2
2044 silly packumentCache full:https://registry.npmjs.org/is-weakmap cache-miss
2045 silly fetch manifest is-weakset@^2.0.3
2046 silly packumentCache full:https://registry.npmjs.org/is-weakset cache-miss
2047 http fetch GET 200 https://registry.npmjs.org/generator-function 33ms (cache miss)
2048 silly packumentCache full:https://registry.npmjs.org/generator-function set size:undefined disposed:false
2049 http fetch GET 200 https://registry.npmjs.org/is-weakmap 34ms (cache miss)
2050 silly packumentCache full:https://registry.npmjs.org/is-weakmap set size:undefined disposed:false
2051 http fetch GET 200 https://registry.npmjs.org/async-function 35ms (cache miss)
2052 silly packumentCache full:https://registry.npmjs.org/async-function set size:undefined disposed:false
2053 http fetch GET 200 https://registry.npmjs.org/is-map 35ms (cache miss)
2054 silly packumentCache full:https://registry.npmjs.org/is-map set size:undefined disposed:false
2055 http fetch GET 200 https://registry.npmjs.org/is-weakset 39ms (cache miss)
2056 silly packumentCache full:https://registry.npmjs.org/is-weakset set size:undefined disposed:false
2057 silly placeDep ROOT async-function@1.0.0 OK for: is-async-function@2.1.1 want: ^1.0.0
2058 silly placeDep ROOT generator-function@2.0.1 OK for: is-generator-function@1.1.2 want: ^2.0.0
2059 silly placeDep ROOT is-map@2.0.3 OK for: which-collection@1.0.2 want: ^2.0.3
2060 silly placeDep ROOT is-weakmap@2.0.2 OK for: which-collection@1.0.2 want: ^2.0.2
2061 silly placeDep ROOT is-weakset@2.0.4 OK for: which-collection@1.0.2 want: ^2.0.3
2062 silly placeDep node_modules/@typescript-eslint/typescript-estree brace-expansion@5.0.6 OK for: minimatch@10.2.5 want: ^5.0.5
2063 silly fetch manifest balanced-match@^4.0.2
2064 silly packumentCache full:https://registry.npmjs.org/balanced-match cache-miss
2065 http cache https://registry.npmjs.org/balanced-match 4ms (cache hit)
2066 silly packumentCache full:https://registry.npmjs.org/balanced-match set size:39082 disposed:false
2067 silly placeDep node_modules/@typescript-eslint/typescript-estree balanced-match@4.0.4 OK for: brace-expansion@5.0.6 want: ^4.0.2
2068 silly reify moves {}
2069 silly audit bulk request {
2069 silly audit   '@emnapi/runtime': [ '1.10.0' ],
2069 silly audit   '@fontsource-variable/archivo': [ '5.2.8' ],
2069 silly audit   '@fontsource-variable/manrope': [ '5.2.8' ],
2069 silly audit   '@img/colour': [ '1.1.0' ],
2069 silly audit   '@img/sharp-darwin-arm64': [ '0.34.5' ],
2069 silly audit   '@img/sharp-darwin-x64': [ '0.34.5' ],
2069 silly audit   '@img/sharp-libvips-darwin-arm64': [ '1.2.4' ],
2069 silly audit   '@img/sharp-libvips-darwin-x64': [ '1.2.4' ],
2069 silly audit   '@img/sharp-libvips-linux-arm': [ '1.2.4' ],
2069 silly audit   '@img/sharp-libvips-linux-arm64': [ '1.2.4' ],
2069 silly audit   '@img/sharp-libvips-linux-ppc64': [ '1.2.4' ],
2069 silly audit   '@img/sharp-libvips-linux-riscv64': [ '1.2.4' ],
2069 silly audit   '@img/sharp-libvips-linux-s390x': [ '1.2.4' ],
2069 silly audit   '@img/sharp-libvips-linux-x64': [ '1.2.4' ],
2069 silly audit   '@img/sharp-libvips-linuxmusl-arm64': [ '1.2.4' ],
2069 silly audit   '@img/sharp-libvips-linuxmusl-x64': [ '1.2.4' ],
2069 silly audit   '@img/sharp-linux-arm': [ '0.34.5' ],
2069 silly audit   '@img/sharp-linux-arm64': [ '0.34.5' ],
2069 silly audit   '@img/sharp-linux-ppc64': [ '0.34.5' ],
2069 silly audit   '@img/sharp-linux-riscv64': [ '0.34.5' ],
2069 silly audit   '@img/sharp-linux-s390x': [ '0.34.5' ],
2069 silly audit   '@img/sharp-linux-x64': [ '0.34.5' ],
2069 silly audit   '@img/sharp-linuxmusl-arm64': [ '0.34.5' ],
2069 silly audit   '@img/sharp-linuxmusl-x64': [ '0.34.5' ],
2069 silly audit   '@img/sharp-wasm32': [ '0.34.5' ],
2069 silly audit   '@img/sharp-win32-arm64': [ '0.34.5' ],
2069 silly audit   '@img/sharp-win32-ia32': [ '0.34.5' ],
2069 silly audit   '@img/sharp-win32-x64': [ '0.34.5' ],
2069 silly audit   '@next/env': [ '16.2.6' ],
2069 silly audit   '@next/swc-darwin-arm64': [ '16.2.6' ],
2069 silly audit   '@next/swc-darwin-x64': [ '16.2.6' ],
2069 silly audit   '@next/swc-linux-arm64-gnu': [ '16.2.6' ],
2069 silly audit   '@next/swc-linux-arm64-musl': [ '16.2.6' ],
2069 silly audit   '@next/swc-linux-x64-gnu': [ '16.2.6' ],
2069 silly audit   '@next/swc-linux-x64-musl': [ '16.2.6' ],
2069 silly audit   '@next/swc-win32-arm64-msvc': [ '16.2.6' ],
2069 silly audit   '@next/swc-win32-x64-msvc': [ '16.2.6' ],
2069 silly audit   '@swc/helpers': [ '0.5.15' ],
2069 silly audit   'baseline-browser-mapping': [ '2.10.29' ],
2069 silly audit   'caniuse-lite': [ '1.0.30001792' ],
2069 silly audit   'client-only': [ '0.0.1' ],
2069 silly audit   'detect-libc': [ '2.1.2' ],
2069 silly audit   'framer-motion': [ '12.38.0' ],
2069 silly audit   'lucide-react': [ '1.16.0' ],
2069 silly audit   motion: [ '12.38.0' ],
2069 silly audit   'motion-dom': [ '12.38.0' ],
2069 silly audit   'motion-utils': [ '12.36.0' ],
2069 silly audit   nanoid: [ '3.3.12' ],
2069 silly audit   next: [ '16.2.6' ],
2069 silly audit   picocolors: [ '1.1.1' ],
2069 silly audit   postcss: [ '8.4.31' ],
2069 silly audit   react: [ '19.2.6' ],
2069 silly audit   'react-dom': [ '19.2.6' ],
2069 silly audit   scheduler: [ '0.27.0' ],
2069 silly audit   semver: [ '7.8.0', '6.3.1' ],
2069 silly audit   sharp: [ '0.34.5' ],
2069 silly audit   'source-map-js': [ '1.2.1' ],
2069 silly audit   'styled-jsx': [ '5.1.6' ],
2069 silly audit   tslib: [ '2.8.1' ],
2069 silly audit   '@types/node': [ '25.8.0' ],
2069 silly audit   '@types/react': [ '19.2.14' ],
2069 silly audit   '@types/react-dom': [ '19.2.3' ],
2069 silly audit   'eslint-config-next': [ '16.2.6' ],
2069 silly audit   typescript: [ '6.0.3' ],
2069 silly audit   'undici-types': [ '7.24.6' ],
2069 silly audit   csstype: [ '3.2.3' ],
2069 silly audit   '@eslint-community/eslint-utils': [ '4.9.1' ],
2069 silly audit   '@eslint-community/regexpp': [ '4.12.2' ],
2069 silly audit   '@humanfs/node': [ '0.16.8' ],
2069 silly audit   '@humanwhocodes/module-importer': [ '1.0.1' ],
2069 silly audit   '@humanwhocodes/retry': [ '0.4.3' ],
2069 silly audit   ajv: [ '6.15.0' ],
2069 silly audit   'cross-spawn': [ '7.0.6' ],
2069 silly audit   debug: [ '4.4.3', '3.2.7' ],
2069 silly audit   'escape-string-regexp': [ '4.0.0' ],
2069 silly audit   'eslint-visitor-keys': [ '3.4.3', '4.2.1', '5.0.1' ],
2069 silly audit   esquery: [ '1.7.0' ],
2069 silly audit   esutils: [ '2.0.3' ],
2069 silly audit   'fast-deep-equal': [ '3.1.3' ],
2069 silly audit   'file-entry-cache': [ '8.0.0' ],
2069 silly audit   'find-up': [ '5.0.0' ],
2069 silly audit   'glob-parent': [ '6.0.2', '5.1.2' ],
2069 silly audit   ignore: [ '5.3.2', '7.0.5' ],
2069 silly audit   imurmurhash: [ '0.1.4' ],
2069 silly audit   'is-glob': [ '4.0.3' ],
2069 silly audit   'json-stable-stringify-without-jsonify': [ '1.0.1' ],
2069 silly audit   'natural-compare': [ '1.4.0' ],
2069 silly audit   optionator: [ '0.9.4' ],
2069 silly audit   levn: [ '0.4.1' ],
2069 silly audit   '@humanfs/core': [ '0.19.2' ],
2069 silly audit   '@humanfs/types': [ '0.15.0' ],
2069 silly audit   'fast-json-stable-stringify': [ '2.1.0' ],
2069 silly audit   'json-schema-traverse': [ '0.4.1' ],
2069 silly audit   'uri-js': [ '4.4.1' ],
2069 silly audit   'path-key': [ '3.1.1' ],
2069 silly audit   'shebang-command': [ '2.0.0' ],
2069 silly audit   which: [ '2.0.2' ],
2069 silly audit   ms: [ '2.1.3' ],
2069 silly audit   '@next/eslint-plugin-next': [ '16.2.6' ],
2069 silly audit   'eslint-import-resolver-node': [ '0.3.10' ],
2069 silly audit   'eslint-import-resolver-typescript': [ '3.10.1' ],
2069 silly audit   'eslint-plugin-import': [ '2.32.0' ],
2069 silly audit   eslint: [ '9.39.4' ],
2069 silly audit   'eslint-plugin-jsx-a11y': [ '6.10.2' ],
2069 silly audit   'eslint-plugin-react': [ '7.37.5' ],
2069 silly audit   'eslint-plugin-react-hooks': [ '7.1.1' ],
2069 silly audit   globals: [ '16.4.0', '14.0.0' ],
2069 silly audit   'typescript-eslint': [ '8.59.3' ],
2069 silly audit   'fast-glob': [ '3.3.1' ],
2069 silly audit   '@eslint/config-array': [ '0.21.2' ],
2069 silly audit   '@eslint/config-helpers': [ '0.4.2' ],
2069 silly audit   '@eslint/core': [ '0.17.0' ],
2069 silly audit   '@eslint/eslintrc': [ '3.3.5' ],
2069 silly audit   '@eslint/js': [ '9.39.4' ],
2069 silly audit   '@eslint/plugin-kit': [ '0.4.1' ],
2069 silly audit   '@types/estree': [ '1.0.9' ],
2069 silly audit   chalk: [ '4.1.2' ],
2069 silly audit   'eslint-scope': [ '8.4.0' ],
2069 silly audit   espree: [ '10.4.0' ],
2069 silly audit   'lodash.merge': [ '4.6.2' ],
2069 silly audit   minimatch: [ '3.1.5', '10.2.5' ],
2069 silly audit   '@eslint/object-schema': [ '2.1.7' ],
2069 silly audit   '@types/json-schema': [ '7.0.15' ],
2069 silly audit   'import-fresh': [ '3.3.1' ],
2069 silly audit   'js-yaml': [ '4.1.1' ],
2069 silly audit   'strip-json-comments': [ '3.1.1' ],
2069 silly audit   'ansi-styles': [ '4.3.0' ],
2069 silly audit   'supports-color': [ '7.2.0' ],
2069 silly audit   'color-convert': [ '2.0.1' ],
2069 silly audit   'color-name': [ '1.1.4' ],
2069 silly audit   'is-core-module': [ '2.16.2' ],
2069 silly audit   resolve: [ '2.0.0-next.6' ],
2069 silly audit   '@nolyfill/is-core-module': [ '1.0.39' ],
2069 silly audit   'get-tsconfig': [ '4.14.0' ],
2069 silly audit   'is-bun-module': [ '2.0.0' ],
2069 silly audit   'stable-hash': [ '0.0.5' ],
2069 silly audit   tinyglobby: [ '0.2.16' ],
2069 silly audit   'unrs-resolver': [ '1.11.1' ],
2069 silly audit   '@rtsao/scc': [ '1.1.0' ],
2069 silly audit   'array-includes': [ '3.1.9' ],
2069 silly audit   'array.prototype.findlastindex': [ '1.2.6' ],
2069 silly audit   'array.prototype.flat': [ '1.3.3' ],
2069 silly audit   'array.prototype.flatmap': [ '1.3.3' ],
2069 silly audit   doctrine: [ '2.1.0' ],
2069 silly audit   'eslint-module-utils': [ '2.12.1' ],
2069 silly audit   hasown: [ '2.0.3' ],
2069 silly audit   'object.fromentries': [ '2.0.8' ],
2069 silly audit   'object.groupby': [ '1.0.3' ],
2069 silly audit   'object.values': [ '1.2.1' ],
2069 silly audit   'string.prototype.trimend': [ '1.0.9' ],
2069 silly audit   'tsconfig-paths': [ '3.15.0' ],
2069 silly audit   'call-bind': [ '1.0.9' ],
2069 silly audit   'call-bound': [ '1.0.4' ],
2069 silly audit   'define-properties': [ '1.2.1' ],
2069 silly audit   'es-abstract': [ '1.24.2' ],
2069 silly audit   'es-object-atoms': [ '1.1.1' ],
2069 silly audit   'get-intrinsic': [ '1.3.0' ],
2069 silly audit   'is-string': [ '1.1.1' ],
2069 silly audit   'math-intrinsics': [ '1.1.0' ],
2069 silly audit   'es-errors': [ '1.3.0' ],
2069 silly audit   'es-shim-unscopables': [ '1.1.0' ],
2069 silly audit   'call-bind-apply-helpers': [ '1.0.2' ],
2069 silly audit   'es-define-property': [ '1.0.1' ],
2069 silly audit   'set-function-length': [ '1.2.2' ],
2069 silly audit   'function-bind': [ '1.1.2' ],
2069 silly audit   'define-data-property': [ '1.1.4' ],
2069 silly audit   'has-property-descriptors': [ '1.0.2' ],
2069 silly audit   'object-keys': [ '1.1.1' ],
2069 silly audit   gopd: [ '1.2.0' ],
2069 silly audit   'array-buffer-byte-length': [ '1.0.2' ],
2069 silly audit   'arraybuffer.prototype.slice': [ '1.0.4' ],
2069 silly audit   'available-typed-arrays': [ '1.0.7' ],
2069 silly audit   'data-view-buffer': [ '1.0.2' ],
2069 silly audit   'data-view-byte-length': [ '1.0.2' ],
2069 silly audit   'data-view-byte-offset': [ '1.0.1' ],
2069 silly audit   'es-set-tostringtag': [ '2.1.0' ],
2069 silly audit   'es-to-primitive': [ '1.3.0' ],
2069 silly audit   'function.prototype.name': [ '1.1.8' ],
2069 silly audit   'get-proto': [ '1.0.1' ],
2069 silly audit   'get-symbol-description': [ '1.1.0' ],
2069 silly audit   globalthis: [ '1.0.4' ],
2069 silly audit   'has-proto': [ '1.2.0' ],
2069 silly audit   'has-symbols': [ '1.1.0' ],
2069 silly audit   'internal-slot': [ '1.1.0' ],
2069 silly audit   'is-array-buffer': [ '3.0.5' ],
2069 silly audit   'is-callable': [ '1.2.7' ],
2069 silly audit   'is-data-view': [ '1.0.2' ],
2069 silly audit   'is-negative-zero': [ '2.0.3' ],
2069 silly audit   'is-regex': [ '1.2.1' ],
2069 silly audit   'is-set': [ '2.0.3' ],
2069 silly audit   'is-shared-array-buffer': [ '1.0.4' ],
2069 silly audit   'is-typed-array': [ '1.1.15' ],
2069 silly audit   'is-weakref': [ '1.1.1' ],
2069 silly audit   'object-inspect': [ '1.13.4' ],
2069 silly audit   'object.assign': [ '4.1.7' ],
2069 silly audit   'own-keys': [ '1.0.1' ],
2069 silly audit   'regexp.prototype.flags': [ '1.5.4' ],
2069 silly audit   'safe-array-concat': [ '1.1.4' ],
2069 silly audit   'safe-push-apply': [ '1.0.0' ],
2069 silly audit   'safe-regex-test': [ '1.1.0' ],
2069 silly audit   'set-proto': [ '1.0.0' ],
2069 silly audit   'stop-iteration-iterator': [ '1.1.0' ],
2069 silly audit   'string.prototype.trim': [ '1.2.10' ],
2069 silly audit   'string.prototype.trimstart': [ '1.0.8' ],
2069 silly audit   'typed-array-buffer': [ '1.0.3' ],
2069 silly audit   'typed-array-byte-length': [ '1.0.3' ],
2069 silly audit   'typed-array-byte-offset': [ '1.0.4' ],
2069 silly audit   'typed-array-length': [ '1.0.7' ],
2069 silly audit   'unbox-primitive': [ '1.1.0' ],
2069 silly audit   'which-typed-array': [ '1.1.20' ],
2069 silly audit   'possible-typed-array-names': [ '1.1.0' ],
2069 silly audit   'has-tostringtag': [ '1.0.2' ],
2069 silly audit   'is-date-object': [ '1.1.0' ],
2069 silly audit   'is-symbol': [ '1.1.1' ],
2069 silly audit   'aria-query': [ '5.3.2' ],
2069 silly audit   'ast-types-flow': [ '0.0.8' ],
2069 silly audit   'axe-core': [ '4.11.4' ],
2069 silly audit   'axobject-query': [ '4.1.0' ],
2069 silly audit   'damerau-levenshtein': [ '1.0.8' ],
2069 silly audit   'emoji-regex': [ '9.2.2' ],
2069 silly audit   'jsx-ast-utils': [ '3.3.5' ],
2069 silly audit   'language-tags': [ '1.0.9' ],
2069 silly audit   'string.prototype.includes': [ '2.0.1' ],
2069 silly audit   'array.prototype.findlast': [ '1.2.5' ],
2069 silly audit   'array.prototype.tosorted': [ '1.1.4' ],
2069 silly audit   'es-iterator-helpers': [ '1.3.2' ],
2069 silly audit   estraverse: [ '5.3.0' ],
2069 silly audit   'object.entries': [ '1.1.9' ],
2069 silly audit   'prop-types': [ '15.8.1' ],
2069 silly audit   'string.prototype.matchall': [ '4.0.12' ],
2069 silly audit   'string.prototype.repeat': [ '1.0.0' ],
2069 silly audit   'iterator.prototype': [ '1.1.5' ],
2069 silly audit   '@babel/core': [ '7.29.0' ],
2069 silly audit   '@babel/parser': [ '7.29.3' ],
2069 silly audit   'hermes-parser': [ '0.25.1' ],
2069 silly audit   zod: [ '4.4.3' ],
2069 silly audit   'zod-validation-error': [ '4.0.2' ],
2069 silly audit   '@babel/code-frame': [ '7.29.0' ],
2069 silly audit   '@babel/generator': [ '7.29.1' ],
2069 silly audit   '@babel/helper-compilation-targets': [ '7.28.6' ],
2069 silly audit   '@babel/helper-module-transforms': [ '7.28.6' ],
2069 silly audit   '@babel/helpers': [ '7.29.2' ],
2069 silly audit   '@babel/template': [ '7.28.6' ],
2069 silly audit   '@babel/traverse': [ '7.29.0' ],
2069 silly audit   '@babel/types': [ '7.29.0' ],
2069 silly audit   '@jridgewell/remapping': [ '2.3.5' ],
2069 silly audit   'convert-source-map': [ '2.0.0' ],
2069 silly audit   gensync: [ '1.0.0-beta.2' ],
2069 silly audit   json5: [ '2.2.3', '1.0.2' ],
2069 silly audit   '@babel/helper-validator-identifier': [ '7.28.5' ],
2069 silly audit   'js-tokens': [ '4.0.0' ],
2069 silly audit   '@jridgewell/gen-mapping': [ '0.3.13' ],
2069 silly audit   '@jridgewell/trace-mapping': [ '0.3.31' ],
2069 silly audit   jsesc: [ '3.1.0' ],
2069 silly audit   '@babel/compat-data': [ '7.29.3' ],
2069 silly audit   '@babel/helper-validator-option': [ '7.27.1' ],
2069 silly audit   browserslist: [ '4.28.2' ],
2069 silly audit   'lru-cache': [ '5.1.1' ],
2069 silly audit   '@babel/helper-module-imports': [ '7.28.6' ],
2069 silly audit   '@babel/helper-globals': [ '7.28.0' ],
2069 silly audit   '@babel/helper-string-parser': [ '7.27.1' ],
2069 silly audit   '@jridgewell/sourcemap-codec': [ '1.5.5' ],
2069 silly audit   '@jridgewell/resolve-uri': [ '3.1.2' ],
2069 silly audit   'electron-to-chromium': [ '1.5.355' ],
2069 silly audit   'node-releases': [ '2.0.44' ],
2069 silly audit   'update-browserslist-db': [ '1.2.3' ],
2069 silly audit   esrecurse: [ '4.3.0' ],
2069 silly audit   acorn: [ '8.16.0' ],
2069 silly audit   'acorn-jsx': [ '5.3.2' ],
2069 silly audit   '@nodelib/fs.stat': [ '2.0.5' ],
2069 silly audit   '@nodelib/fs.walk': [ '1.2.8' ],
2069 silly audit   merge2: [ '1.4.1' ],
2069 silly audit   micromatch: [ '4.0.8' ],
2069 silly audit   '@nodelib/fs.scandir': [ '2.1.5' ],
2069 silly audit   fastq: [ '1.20.1' ],
2069 silly audit   'run-parallel': [ '1.2.0' ],
2069 silly audit   reusify: [ '1.1.0' ],
2069 silly audit   'flat-cache': [ '4.0.1' ],
2069 silly audit   'locate-path': [ '6.0.0' ],
2069 silly audit   'path-exists': [ '4.0.0' ],
2069 silly audit   flatted: [ '3.4.2' ],
2069 silly audit   keyv: [ '4.5.4' ],
2069 silly audit   'functions-have-names': [ '1.2.3' ],
2069 silly audit   'dunder-proto': [ '1.0.1' ],
2069 silly audit   'resolve-pkg-maps': [ '1.0.0' ],
2069 silly audit   'hermes-estree': [ '0.25.1' ],
2069 silly audit   'parent-module': [ '1.0.1' ],
2069 silly audit   'resolve-from': [ '4.0.0' ],
2069 silly audit   'side-channel': [ '1.1.0' ],
2069 silly audit   'is-extglob': [ '2.1.1' ],
2069 silly audit   'set-function-name': [ '2.0.2' ],
2069 silly audit   argparse: [ '2.0.1' ],
2069 silly audit   'json-buffer': [ '3.0.1' ],
2069 silly audit   'language-subtag-registry': [ '0.3.23' ],
2069 silly audit   'prelude-ls': [ '1.2.1' ],
2069 silly audit   'type-check': [ '0.4.0' ],
2069 silly audit   'p-locate': [ '5.0.0' ],
2069 silly audit   yallist: [ '3.1.1' ],
2069 silly audit   braces: [ '3.0.3' ],
2069 silly audit   picomatch: [ '2.3.2', '4.0.4' ],
2069 silly audit   'fill-range': [ '7.1.1' ],
2069 silly audit   'to-regex-range': [ '5.0.1' ],
2069 silly audit   'brace-expansion': [ '1.1.14', '5.0.6' ],
2069 silly audit   'balanced-match': [ '1.0.2', '4.0.4' ],
2069 silly audit   'concat-map': [ '0.0.1' ],
2069 silly audit   'deep-is': [ '0.1.4' ],
2069 silly audit   'fast-levenshtein': [ '2.0.6' ],
2069 silly audit   'word-wrap': [ '1.2.5' ],
2069 silly audit   'p-limit': [ '3.1.0' ],
2069 silly audit   'yocto-queue': [ '0.1.0' ],
2069 silly audit   callsites: [ '3.1.0' ],
2069 silly audit   'loose-envify': [ '1.4.0' ],
2069 silly audit   'object-assign': [ '4.1.1' ],
2069 silly audit   'react-is': [ '16.13.1' ],
2069 silly audit   'node-exports-info': [ '1.6.0' ],
2069 silly audit   'path-parse': [ '1.0.7' ],
2069 silly audit   'supports-preserve-symlinks-flag': [ '1.0.0' ],
2069 silly audit   'queue-microtask': [ '1.2.3' ],
2069 silly audit   isarray: [ '2.0.5' ],
2069 silly audit   'shebang-regex': [ '3.0.0' ],
2069 silly audit   'side-channel-list': [ '1.0.1' ],
2069 silly audit   'side-channel-map': [ '1.0.1' ],
2069 silly audit   'side-channel-weakmap': [ '1.0.2' ],
2069 silly audit   'has-flag': [ '4.0.0' ],
2069 silly audit   fdir: [ '6.5.0' ],
2069 silly audit   'is-number': [ '7.0.0' ],
2069 silly audit   '@types/json5': [ '0.0.29' ],
2069 silly audit   minimist: [ '1.2.8' ],
2069 silly audit   'strip-bom': [ '3.0.0' ],
2069 silly audit   'for-each': [ '0.3.5' ],
2069 silly audit   'reflect.getprototypeof': [ '1.0.10' ],
2069 silly audit   'which-builtin-type': [ '1.2.1' ],
2069 silly audit   '@typescript-eslint/eslint-plugin': [ '8.59.3' ],
2069 silly audit   '@typescript-eslint/parser': [ '8.59.3' ],
2069 silly audit   '@typescript-eslint/typescript-estree': [ '8.59.3' ],
2069 silly audit   '@typescript-eslint/utils': [ '8.59.3' ],
2069 silly audit   '@typescript-eslint/scope-manager': [ '8.59.3' ],
2069 silly audit   '@typescript-eslint/type-utils': [ '8.59.3' ],
2069 silly audit   '@typescript-eslint/visitor-keys': [ '8.59.3' ],
2069 silly audit   'ts-api-utils': [ '2.5.0' ],
2069 silly audit   '@typescript-eslint/types': [ '8.59.3' ],
2069 silly audit   '@typescript-eslint/project-service': [ '8.59.3' ],
2069 silly audit   '@typescript-eslint/tsconfig-utils': [ '8.59.3' ],
2069 silly audit   'has-bigints': [ '1.1.0' ],
2069 silly audit   'which-boxed-primitive': [ '1.1.1' ],
2069 silly audit   '@unrs/resolver-binding-android-arm-eabi': [ '1.11.1' ],
2069 silly audit   '@unrs/resolver-binding-android-arm64': [ '1.11.1' ],
2069 silly audit   '@unrs/resolver-binding-darwin-arm64': [ '1.11.1' ],
2069 silly audit   '@unrs/resolver-binding-darwin-x64': [ '1.11.1' ],
2069 silly audit   '@unrs/resolver-binding-freebsd-x64': [ '1.11.1' ],
2069 silly audit   '@unrs/resolver-binding-linux-arm-gnueabihf': [ '1.11.1' ],
2069 silly audit   '@unrs/resolver-binding-linux-arm-musleabihf': [ '1.11.1' ],
2069 silly audit   '@unrs/resolver-binding-linux-arm64-gnu': [ '1.11.1' ],
2069 silly audit   '@unrs/resolver-binding-linux-arm64-musl': [ '1.11.1' ],
2069 silly audit   '@unrs/resolver-binding-linux-ppc64-gnu': [ '1.11.1' ],
2069 silly audit   '@unrs/resolver-binding-linux-riscv64-gnu': [ '1.11.1' ],
2069 silly audit   '@unrs/resolver-binding-linux-riscv64-musl': [ '1.11.1' ],
2069 silly audit   '@unrs/resolver-binding-linux-s390x-gnu': [ '1.11.1' ],
2069 silly audit   '@unrs/resolver-binding-linux-x64-gnu': [ '1.11.1' ],
2069 silly audit   '@unrs/resolver-binding-linux-x64-musl': [ '1.11.1' ],
2069 silly audit   '@unrs/resolver-binding-wasm32-wasi': [ '1.11.1' ],
2069 silly audit   '@unrs/resolver-binding-win32-arm64-msvc': [ '1.11.1' ],
2069 silly audit   '@unrs/resolver-binding-win32-ia32-msvc': [ '1.11.1' ],
2069 silly audit   '@unrs/resolver-binding-win32-x64-msvc': [ '1.11.1' ],
2069 silly audit   'napi-postinstall': [ '0.3.4' ],
2069 silly audit   '@napi-rs/wasm-runtime': [ '0.2.12' ],
2069 silly audit   '@emnapi/core': [ '1.10.0' ],
2069 silly audit   '@tybys/wasm-util': [ '0.10.2' ],
2069 silly audit   '@emnapi/wasi-threads': [ '1.2.1' ],
2069 silly audit   escalade: [ '3.2.0' ],
2069 silly audit   punycode: [ '2.3.1' ],
2069 silly audit   isexe: [ '2.0.0' ],
2069 silly audit   'is-bigint': [ '1.1.0' ],
2069 silly audit   'is-boolean-object': [ '1.2.2' ],
2069 silly audit   'is-number-object': [ '1.1.1' ],
2069 silly audit   'is-async-function': [ '2.1.1' ],
2069 silly audit   'is-finalizationregistry': [ '1.1.1' ],
2069 silly audit   'is-generator-function': [ '1.1.2' ],
2069 silly audit   'which-collection': [ '1.0.2' ],
2069 silly audit   'async-function': [ '1.0.0' ],
2069 silly audit   'generator-function': [ '2.0.1' ],
2069 silly audit   'is-map': [ '2.0.3' ],
2069 silly audit   'is-weakmap': [ '2.0.2' ],
2069 silly audit   'is-weakset': [ '2.0.4' ]
2069 silly audit }
2070 verbose reify failed optional dependency C:\Progetti Exeva\Nuovo sceno\node_modules\@unrs\resolver-binding-win32-ia32-msvc
2071 silly reify mark deleted [
2071 silly reify   'C:\\Progetti Exeva\\Nuovo sceno\\node_modules\\@unrs\\resolver-binding-win32-ia32-msvc'
2071 silly reify ]
2072 verbose reify failed optional dependency C:\Progetti Exeva\Nuovo sceno\node_modules\@unrs\resolver-binding-win32-arm64-msvc
2073 silly reify mark deleted [
2073 silly reify   'C:\\Progetti Exeva\\Nuovo sceno\\node_modules\\@unrs\\resolver-binding-win32-arm64-msvc'
2073 silly reify ]
2074 verbose reify failed optional dependency C:\Progetti Exeva\Nuovo sceno\node_modules\@unrs\resolver-binding-wasm32-wasi
2075 silly reify mark deleted [
2075 silly reify   'C:\\Progetti Exeva\\Nuovo sceno\\node_modules\\@unrs\\resolver-binding-wasm32-wasi'
2075 silly reify ]
2076 verbose reify failed optional dependency C:\Progetti Exeva\Nuovo sceno\node_modules\@napi-rs\wasm-runtime
2077 silly reify mark deleted [
2077 silly reify   'C:\\Progetti Exeva\\Nuovo sceno\\node_modules\\@napi-rs\\wasm-runtime'
2077 silly reify ]
2078 verbose reify failed optional dependency C:\Progetti Exeva\Nuovo sceno\node_modules\@emnapi\core
2079 silly reify mark deleted [ 'C:\\Progetti Exeva\\Nuovo sceno\\node_modules\\@emnapi\\core' ]
2080 verbose reify failed optional dependency C:\Progetti Exeva\Nuovo sceno\node_modules\@tybys\wasm-util
2081 silly reify mark deleted [ 'C:\\Progetti Exeva\\Nuovo sceno\\node_modules\\@tybys\\wasm-util' ]
2082 verbose reify failed optional dependency C:\Progetti Exeva\Nuovo sceno\node_modules\@emnapi\wasi-threads
2083 silly reify mark deleted [
2083 silly reify   'C:\\Progetti Exeva\\Nuovo sceno\\node_modules\\@emnapi\\wasi-threads'
2083 silly reify ]
2084 verbose reify failed optional dependency C:\Progetti Exeva\Nuovo sceno\node_modules\@unrs\resolver-binding-linux-x64-musl
2085 silly reify mark deleted [
2085 silly reify   'C:\\Progetti Exeva\\Nuovo sceno\\node_modules\\@unrs\\resolver-binding-linux-x64-musl'
2085 silly reify ]
2086 verbose reify failed optional dependency C:\Progetti Exeva\Nuovo sceno\node_modules\@unrs\resolver-binding-linux-x64-gnu
2087 silly reify mark deleted [
2087 silly reify   'C:\\Progetti Exeva\\Nuovo sceno\\node_modules\\@unrs\\resolver-binding-linux-x64-gnu'
2087 silly reify ]
2088 verbose reify failed optional dependency C:\Progetti Exeva\Nuovo sceno\node_modules\@unrs\resolver-binding-linux-s390x-gnu
2089 silly reify mark deleted [
2089 silly reify   'C:\\Progetti Exeva\\Nuovo sceno\\node_modules\\@unrs\\resolver-binding-linux-s390x-gnu'
2089 silly reify ]
2090 verbose reify failed optional dependency C:\Progetti Exeva\Nuovo sceno\node_modules\@unrs\resolver-binding-linux-riscv64-musl
2091 silly reify mark deleted [
2091 silly reify   'C:\\Progetti Exeva\\Nuovo sceno\\node_modules\\@unrs\\resolver-binding-linux-riscv64-musl'
2091 silly reify ]
2092 verbose reify failed optional dependency C:\Progetti Exeva\Nuovo sceno\node_modules\@unrs\resolver-binding-linux-riscv64-gnu
2093 silly reify mark deleted [
2093 silly reify   'C:\\Progetti Exeva\\Nuovo sceno\\node_modules\\@unrs\\resolver-binding-linux-riscv64-gnu'
2093 silly reify ]
2094 verbose reify failed optional dependency C:\Progetti Exeva\Nuovo sceno\node_modules\@unrs\resolver-binding-linux-ppc64-gnu
2095 silly reify mark deleted [
2095 silly reify   'C:\\Progetti Exeva\\Nuovo sceno\\node_modules\\@unrs\\resolver-binding-linux-ppc64-gnu'
2095 silly reify ]
2096 verbose reify failed optional dependency C:\Progetti Exeva\Nuovo sceno\node_modules\@unrs\resolver-binding-linux-arm64-musl
2097 silly reify mark deleted [
2097 silly reify   'C:\\Progetti Exeva\\Nuovo sceno\\node_modules\\@unrs\\resolver-binding-linux-arm64-musl'
2097 silly reify ]
2098 verbose reify failed optional dependency C:\Progetti Exeva\Nuovo sceno\node_modules\@unrs\resolver-binding-linux-arm64-gnu
2099 silly reify mark deleted [
2099 silly reify   'C:\\Progetti Exeva\\Nuovo sceno\\node_modules\\@unrs\\resolver-binding-linux-arm64-gnu'
2099 silly reify ]
2100 verbose reify failed optional dependency C:\Progetti Exeva\Nuovo sceno\node_modules\@unrs\resolver-binding-linux-arm-musleabihf
2101 silly reify mark deleted [
2101 silly reify   'C:\\Progetti Exeva\\Nuovo sceno\\node_modules\\@unrs\\resolver-binding-linux-arm-musleabihf'
2101 silly reify ]
2102 verbose reify failed optional dependency C:\Progetti Exeva\Nuovo sceno\node_modules\@unrs\resolver-binding-linux-arm-gnueabihf
2103 silly reify mark deleted [
2103 silly reify   'C:\\Progetti Exeva\\Nuovo sceno\\node_modules\\@unrs\\resolver-binding-linux-arm-gnueabihf'
2103 silly reify ]
2104 verbose reify failed optional dependency C:\Progetti Exeva\Nuovo sceno\node_modules\@unrs\resolver-binding-freebsd-x64
2105 silly reify mark deleted [
2105 silly reify   'C:\\Progetti Exeva\\Nuovo sceno\\node_modules\\@unrs\\resolver-binding-freebsd-x64'
2105 silly reify ]
2106 verbose reify failed optional dependency C:\Progetti Exeva\Nuovo sceno\node_modules\@unrs\resolver-binding-darwin-x64
2107 silly reify mark deleted [
2107 silly reify   'C:\\Progetti Exeva\\Nuovo sceno\\node_modules\\@unrs\\resolver-binding-darwin-x64'
2107 silly reify ]
2108 verbose reify failed optional dependency C:\Progetti Exeva\Nuovo sceno\node_modules\@unrs\resolver-binding-darwin-arm64
2109 silly reify mark deleted [
2109 silly reify   'C:\\Progetti Exeva\\Nuovo sceno\\node_modules\\@unrs\\resolver-binding-darwin-arm64'
2109 silly reify ]
2110 verbose reify failed optional dependency C:\Progetti Exeva\Nuovo sceno\node_modules\@unrs\resolver-binding-android-arm64
2111 silly reify mark deleted [
2111 silly reify   'C:\\Progetti Exeva\\Nuovo sceno\\node_modules\\@unrs\\resolver-binding-android-arm64'
2111 silly reify ]
2112 verbose reify failed optional dependency C:\Progetti Exeva\Nuovo sceno\node_modules\@unrs\resolver-binding-android-arm-eabi
2113 silly reify mark deleted [
2113 silly reify   'C:\\Progetti Exeva\\Nuovo sceno\\node_modules\\@unrs\\resolver-binding-android-arm-eabi'
2113 silly reify ]
2114 verbose reify failed optional dependency C:\Progetti Exeva\Nuovo sceno\node_modules\@next\swc-win32-arm64-msvc
2115 silly reify mark deleted [
2115 silly reify   'C:\\Progetti Exeva\\Nuovo sceno\\node_modules\\@next\\swc-win32-arm64-msvc'
2115 silly reify ]
2116 verbose reify failed optional dependency C:\Progetti Exeva\Nuovo sceno\node_modules\@next\swc-linux-x64-musl
2117 silly reify mark deleted [
2117 silly reify   'C:\\Progetti Exeva\\Nuovo sceno\\node_modules\\@next\\swc-linux-x64-musl'
2117 silly reify ]
2118 verbose reify failed optional dependency C:\Progetti Exeva\Nuovo sceno\node_modules\@next\swc-linux-x64-gnu
2119 silly reify mark deleted [
2119 silly reify   'C:\\Progetti Exeva\\Nuovo sceno\\node_modules\\@next\\swc-linux-x64-gnu'
2119 silly reify ]
2120 verbose reify failed optional dependency C:\Progetti Exeva\Nuovo sceno\node_modules\@next\swc-linux-arm64-musl
2121 silly reify mark deleted [
2121 silly reify   'C:\\Progetti Exeva\\Nuovo sceno\\node_modules\\@next\\swc-linux-arm64-musl'
2121 silly reify ]
2122 verbose reify failed optional dependency C:\Progetti Exeva\Nuovo sceno\node_modules\@next\swc-linux-arm64-gnu
2123 silly reify mark deleted [
2123 silly reify   'C:\\Progetti Exeva\\Nuovo sceno\\node_modules\\@next\\swc-linux-arm64-gnu'
2123 silly reify ]
2124 verbose reify failed optional dependency C:\Progetti Exeva\Nuovo sceno\node_modules\@next\swc-darwin-x64
2125 silly reify mark deleted [
2125 silly reify   'C:\\Progetti Exeva\\Nuovo sceno\\node_modules\\@next\\swc-darwin-x64'
2125 silly reify ]
2126 verbose reify failed optional dependency C:\Progetti Exeva\Nuovo sceno\node_modules\@next\swc-darwin-arm64
2127 silly reify mark deleted [
2127 silly reify   'C:\\Progetti Exeva\\Nuovo sceno\\node_modules\\@next\\swc-darwin-arm64'
2127 silly reify ]
2128 verbose reify failed optional dependency C:\Progetti Exeva\Nuovo sceno\node_modules\@img\sharp-win32-ia32
2129 silly reify mark deleted [
2129 silly reify   'C:\\Progetti Exeva\\Nuovo sceno\\node_modules\\@img\\sharp-win32-ia32'
2129 silly reify ]
2130 verbose reify failed optional dependency C:\Progetti Exeva\Nuovo sceno\node_modules\@img\sharp-win32-arm64
2131 silly reify mark deleted [
2131 silly reify   'C:\\Progetti Exeva\\Nuovo sceno\\node_modules\\@img\\sharp-win32-arm64'
2131 silly reify ]
2132 verbose reify failed optional dependency C:\Progetti Exeva\Nuovo sceno\node_modules\@img\sharp-wasm32
2133 silly reify mark deleted [ 'C:\\Progetti Exeva\\Nuovo sceno\\node_modules\\@img\\sharp-wasm32' ]
2134 verbose reify failed optional dependency C:\Progetti Exeva\Nuovo sceno\node_modules\@img\sharp-linuxmusl-x64
2135 silly reify mark deleted [
2135 silly reify   'C:\\Progetti Exeva\\Nuovo sceno\\node_modules\\@img\\sharp-linuxmusl-x64'
2135 silly reify ]
2136 verbose reify failed optional dependency C:\Progetti Exeva\Nuovo sceno\node_modules\@img\sharp-linuxmusl-arm64
2137 silly reify mark deleted [
2137 silly reify   'C:\\Progetti Exeva\\Nuovo sceno\\node_modules\\@img\\sharp-linuxmusl-arm64'
2137 silly reify ]
2138 verbose reify failed optional dependency C:\Progetti Exeva\Nuovo sceno\node_modules\@img\sharp-linux-x64
2139 silly reify mark deleted [
2139 silly reify   'C:\\Progetti Exeva\\Nuovo sceno\\node_modules\\@img\\sharp-linux-x64'
2139 silly reify ]
2140 verbose reify failed optional dependency C:\Progetti Exeva\Nuovo sceno\node_modules\@img\sharp-linux-s390x
2141 silly reify mark deleted [
2141 silly reify   'C:\\Progetti Exeva\\Nuovo sceno\\node_modules\\@img\\sharp-linux-s390x'
2141 silly reify ]
2142 verbose reify failed optional dependency C:\Progetti Exeva\Nuovo sceno\node_modules\@img\sharp-linux-riscv64
2143 silly reify mark deleted [
2143 silly reify   'C:\\Progetti Exeva\\Nuovo sceno\\node_modules\\@img\\sharp-linux-riscv64'
2143 silly reify ]
2144 verbose reify failed optional dependency C:\Progetti Exeva\Nuovo sceno\node_modules\@img\sharp-linux-ppc64
2145 silly reify mark deleted [
2145 silly reify   'C:\\Progetti Exeva\\Nuovo sceno\\node_modules\\@img\\sharp-linux-ppc64'
2145 silly reify ]
2146 verbose reify failed optional dependency C:\Progetti Exeva\Nuovo sceno\node_modules\@img\sharp-linux-arm64
2147 silly reify mark deleted [
2147 silly reify   'C:\\Progetti Exeva\\Nuovo sceno\\node_modules\\@img\\sharp-linux-arm64'
2147 silly reify ]
2148 verbose reify failed optional dependency C:\Progetti Exeva\Nuovo sceno\node_modules\@img\sharp-linux-arm
2149 silly reify mark deleted [
2149 silly reify   'C:\\Progetti Exeva\\Nuovo sceno\\node_modules\\@img\\sharp-linux-arm'
2149 silly reify ]
2150 verbose reify failed optional dependency C:\Progetti Exeva\Nuovo sceno\node_modules\@img\sharp-libvips-linuxmusl-x64
2151 silly reify mark deleted [
2151 silly reify   'C:\\Progetti Exeva\\Nuovo sceno\\node_modules\\@img\\sharp-libvips-linuxmusl-x64'
2151 silly reify ]
2152 verbose reify failed optional dependency C:\Progetti Exeva\Nuovo sceno\node_modules\@img\sharp-libvips-linuxmusl-arm64
2153 silly reify mark deleted [
2153 silly reify   'C:\\Progetti Exeva\\Nuovo sceno\\node_modules\\@img\\sharp-libvips-linuxmusl-arm64'
2153 silly reify ]
2154 verbose reify failed optional dependency C:\Progetti Exeva\Nuovo sceno\node_modules\@img\sharp-libvips-linux-x64
2155 silly reify mark deleted [
2155 silly reify   'C:\\Progetti Exeva\\Nuovo sceno\\node_modules\\@img\\sharp-libvips-linux-x64'
2155 silly reify ]
2156 verbose reify failed optional dependency C:\Progetti Exeva\Nuovo sceno\node_modules\@img\sharp-libvips-linux-s390x
2157 silly reify mark deleted [
2157 silly reify   'C:\\Progetti Exeva\\Nuovo sceno\\node_modules\\@img\\sharp-libvips-linux-s390x'
2157 silly reify ]
2158 verbose reify failed optional dependency C:\Progetti Exeva\Nuovo sceno\node_modules\@img\sharp-libvips-linux-riscv64
2159 silly reify mark deleted [
2159 silly reify   'C:\\Progetti Exeva\\Nuovo sceno\\node_modules\\@img\\sharp-libvips-linux-riscv64'
2159 silly reify ]
2160 verbose reify failed optional dependency C:\Progetti Exeva\Nuovo sceno\node_modules\@img\sharp-libvips-linux-ppc64
2161 silly reify mark deleted [
2161 silly reify   'C:\\Progetti Exeva\\Nuovo sceno\\node_modules\\@img\\sharp-libvips-linux-ppc64'
2161 silly reify ]
2162 verbose reify failed optional dependency C:\Progetti Exeva\Nuovo sceno\node_modules\@img\sharp-libvips-linux-arm64
2163 silly reify mark deleted [
2163 silly reify   'C:\\Progetti Exeva\\Nuovo sceno\\node_modules\\@img\\sharp-libvips-linux-arm64'
2163 silly reify ]
2164 verbose reify failed optional dependency C:\Progetti Exeva\Nuovo sceno\node_modules\@img\sharp-libvips-linux-arm
2165 silly reify mark deleted [
2165 silly reify   'C:\\Progetti Exeva\\Nuovo sceno\\node_modules\\@img\\sharp-libvips-linux-arm'
2165 silly reify ]
2166 verbose reify failed optional dependency C:\Progetti Exeva\Nuovo sceno\node_modules\@img\sharp-libvips-darwin-x64
2167 silly reify mark deleted [
2167 silly reify   'C:\\Progetti Exeva\\Nuovo sceno\\node_modules\\@img\\sharp-libvips-darwin-x64'
2167 silly reify ]
2168 verbose reify failed optional dependency C:\Progetti Exeva\Nuovo sceno\node_modules\@img\sharp-libvips-darwin-arm64
2169 silly reify mark deleted [
2169 silly reify   'C:\\Progetti Exeva\\Nuovo sceno\\node_modules\\@img\\sharp-libvips-darwin-arm64'
2169 silly reify ]
2170 verbose reify failed optional dependency C:\Progetti Exeva\Nuovo sceno\node_modules\@img\sharp-darwin-x64
2171 silly reify mark deleted [
2171 silly reify   'C:\\Progetti Exeva\\Nuovo sceno\\node_modules\\@img\\sharp-darwin-x64'
2171 silly reify ]
2172 verbose reify failed optional dependency C:\Progetti Exeva\Nuovo sceno\node_modules\@img\sharp-darwin-arm64
2173 silly reify mark deleted [
2173 silly reify   'C:\\Progetti Exeva\\Nuovo sceno\\node_modules\\@img\\sharp-darwin-arm64'
2173 silly reify ]
2174 http cache is-weakset@https://registry.npmjs.org/is-weakset/-/is-weakset-2.0.4.tgz 0ms (cache hit)
2175 http cache is-map@https://registry.npmjs.org/is-map/-/is-map-2.0.3.tgz 0ms (cache hit)
2176 http cache is-weakmap@https://registry.npmjs.org/is-weakmap/-/is-weakmap-2.0.2.tgz 0ms (cache hit)
2177 http cache generator-function@https://registry.npmjs.org/generator-function/-/generator-function-2.0.1.tgz 0ms (cache hit)
2178 http cache which-collection@https://registry.npmjs.org/which-collection/-/which-collection-1.0.2.tgz 0ms (cache hit)
2179 http cache async-function@https://registry.npmjs.org/async-function/-/async-function-1.0.0.tgz 0ms (cache hit)
2180 http cache is-generator-function@https://registry.npmjs.org/is-generator-function/-/is-generator-function-1.1.2.tgz 0ms (cache hit)
2181 http cache is-finalizationregistry@https://registry.npmjs.org/is-finalizationregistry/-/is-finalizationregistry-1.1.1.tgz 0ms (cache hit)
2182 http cache is-number-object@https://registry.npmjs.org/is-number-object/-/is-number-object-1.1.1.tgz 0ms (cache hit)
2183 http cache is-async-function@https://registry.npmjs.org/is-async-function/-/is-async-function-2.1.1.tgz 0ms (cache hit)
2184 http cache is-boolean-object@https://registry.npmjs.org/is-boolean-object/-/is-boolean-object-1.2.2.tgz 0ms (cache hit)
2185 http cache @emnapi/wasi-threads@https://registry.npmjs.org/@emnapi/wasi-threads/-/wasi-threads-1.2.1.tgz 0ms (cache hit)
2186 http cache is-bigint@https://registry.npmjs.org/is-bigint/-/is-bigint-1.1.0.tgz 0ms (cache hit)
2187 http cache isexe@https://registry.npmjs.org/isexe/-/isexe-2.0.0.tgz 0ms (cache hit)
2188 http cache punycode@https://registry.npmjs.org/punycode/-/punycode-2.3.1.tgz 0ms (cache hit)
2189 http cache @tybys/wasm-util@https://registry.npmjs.org/@tybys/wasm-util/-/wasm-util-0.10.2.tgz 0ms (cache hit)
2190 http cache escalade@https://registry.npmjs.org/escalade/-/escalade-3.2.0.tgz 0ms (cache hit)
2191 http cache @emnapi/core@https://registry.npmjs.org/@emnapi/core/-/core-1.10.0.tgz 0ms (cache hit)
2192 http cache @napi-rs/wasm-runtime@https://registry.npmjs.org/@napi-rs/wasm-runtime/-/wasm-runtime-0.2.12.tgz 0ms (cache hit)
2193 http cache @unrs/resolver-binding-win32-x64-msvc@https://registry.npmjs.org/@unrs/resolver-binding-win32-x64-msvc/-/resolver-binding-win32-x64-msvc-1.11.1.tgz 0ms (cache hit)
2194 http cache @typescript-eslint/tsconfig-utils@https://registry.npmjs.org/@typescript-eslint/tsconfig-utils/-/tsconfig-utils-8.59.3.tgz 0ms (cache hit)
2195 http cache napi-postinstall@https://registry.npmjs.org/napi-postinstall/-/napi-postinstall-0.3.4.tgz 0ms (cache hit)
2196 http cache which-boxed-primitive@https://registry.npmjs.org/which-boxed-primitive/-/which-boxed-primitive-1.1.1.tgz 0ms (cache hit)
2197 http cache has-bigints@https://registry.npmjs.org/has-bigints/-/has-bigints-1.1.0.tgz 0ms (cache hit)
2198 http cache @typescript-eslint/project-service@https://registry.npmjs.org/@typescript-eslint/project-service/-/project-service-8.59.3.tgz 0ms (cache hit)
2199 http cache ts-api-utils@https://registry.npmjs.org/ts-api-utils/-/ts-api-utils-2.5.0.tgz 0ms (cache hit)
2200 http cache @typescript-eslint/types@https://registry.npmjs.org/@typescript-eslint/types/-/types-8.59.3.tgz 0ms (cache hit)
2201 http cache @typescript-eslint/visitor-keys@https://registry.npmjs.org/@typescript-eslint/visitor-keys/-/visitor-keys-8.59.3.tgz 0ms (cache hit)
2202 http cache @typescript-eslint/type-utils@https://registry.npmjs.org/@typescript-eslint/type-utils/-/type-utils-8.59.3.tgz 0ms (cache hit)
2203 http cache @typescript-eslint/scope-manager@https://registry.npmjs.org/@typescript-eslint/scope-manager/-/scope-manager-8.59.3.tgz 0ms (cache hit)
2204 http cache @typescript-eslint/utils@https://registry.npmjs.org/@typescript-eslint/utils/-/utils-8.59.3.tgz 0ms (cache hit)
2205 http cache reflect.getprototypeof@https://registry.npmjs.org/reflect.getprototypeof/-/reflect.getprototypeof-1.0.10.tgz 0ms (cache hit)
2206 http cache @typescript-eslint/typescript-estree@https://registry.npmjs.org/@typescript-eslint/typescript-estree/-/typescript-estree-8.59.3.tgz 0ms (cache hit)
2207 http cache which-builtin-type@https://registry.npmjs.org/which-builtin-type/-/which-builtin-type-1.2.1.tgz 0ms (cache hit)
2208 http cache @typescript-eslint/parser@https://registry.npmjs.org/@typescript-eslint/parser/-/parser-8.59.3.tgz 1ms (cache hit)
2209 http cache @typescript-eslint/eslint-plugin@https://registry.npmjs.org/@typescript-eslint/eslint-plugin/-/eslint-plugin-8.59.3.tgz 0ms (cache hit)
2210 http cache @types/json5@https://registry.npmjs.org/@types/json5/-/json5-0.0.29.tgz 0ms (cache hit)
2211 http cache for-each@https://registry.npmjs.org/for-each/-/for-each-0.3.5.tgz 0ms (cache hit)
2212 http cache minimist@https://registry.npmjs.org/minimist/-/minimist-1.2.8.tgz 0ms (cache hit)
2213 http cache strip-bom@https://registry.npmjs.org/strip-bom/-/strip-bom-3.0.0.tgz 0ms (cache hit)
2214 http cache is-number@https://registry.npmjs.org/is-number/-/is-number-7.0.0.tgz 0ms (cache hit)
2215 http cache has-flag@https://registry.npmjs.org/has-flag/-/has-flag-4.0.0.tgz 0ms (cache hit)
2216 http cache side-channel-weakmap@https://registry.npmjs.org/side-channel-weakmap/-/side-channel-weakmap-1.0.2.tgz 0ms (cache hit)
2217 http cache side-channel-map@https://registry.npmjs.org/side-channel-map/-/side-channel-map-1.0.1.tgz 0ms (cache hit)
2218 http cache shebang-regex@https://registry.npmjs.org/shebang-regex/-/shebang-regex-3.0.0.tgz 0ms (cache hit)
2219 http cache side-channel-list@https://registry.npmjs.org/side-channel-list/-/side-channel-list-1.0.1.tgz 0ms (cache hit)
2220 http cache isarray@https://registry.npmjs.org/isarray/-/isarray-2.0.5.tgz 0ms (cache hit)
2221 http cache queue-microtask@https://registry.npmjs.org/queue-microtask/-/queue-microtask-1.2.3.tgz 0ms (cache hit)
2222 http cache path-parse@https://registry.npmjs.org/path-parse/-/path-parse-1.0.7.tgz 0ms (cache hit)
2223 http cache supports-preserve-symlinks-flag@https://registry.npmjs.org/supports-preserve-symlinks-flag/-/supports-preserve-symlinks-flag-1.0.0.tgz 0ms (cache hit)
2224 http cache react-is@https://registry.npmjs.org/react-is/-/react-is-16.13.1.tgz 0ms (cache hit)
2225 http cache node-exports-info@https://registry.npmjs.org/node-exports-info/-/node-exports-info-1.6.0.tgz 0ms (cache hit)
2226 http cache object-assign@https://registry.npmjs.org/object-assign/-/object-assign-4.1.1.tgz 0ms (cache hit)
2227 http cache loose-envify@https://registry.npmjs.org/loose-envify/-/loose-envify-1.4.0.tgz 0ms (cache hit)
2228 http cache callsites@https://registry.npmjs.org/callsites/-/callsites-3.1.0.tgz 0ms (cache hit)
2229 http cache yocto-queue@https://registry.npmjs.org/yocto-queue/-/yocto-queue-0.1.0.tgz 0ms (cache hit)
2230 http cache p-limit@https://registry.npmjs.org/p-limit/-/p-limit-3.1.0.tgz 0ms (cache hit)
2231 http cache deep-is@https://registry.npmjs.org/deep-is/-/deep-is-0.1.4.tgz 0ms (cache hit)
2232 http cache word-wrap@https://registry.npmjs.org/word-wrap/-/word-wrap-1.2.5.tgz 0ms (cache hit)
2233 http cache concat-map@https://registry.npmjs.org/concat-map/-/concat-map-0.0.1.tgz 0ms (cache hit)
2234 http cache fast-levenshtein@https://registry.npmjs.org/fast-levenshtein/-/fast-levenshtein-2.0.6.tgz 0ms (cache hit)
2235 http cache balanced-match@https://registry.npmjs.org/balanced-match/-/balanced-match-1.0.2.tgz 0ms (cache hit)
2236 http cache to-regex-range@https://registry.npmjs.org/to-regex-range/-/to-regex-range-5.0.1.tgz 0ms (cache hit)
2237 http cache brace-expansion@https://registry.npmjs.org/brace-expansion/-/brace-expansion-1.1.14.tgz 0ms (cache hit)
2238 http cache fill-range@https://registry.npmjs.org/fill-range/-/fill-range-7.1.1.tgz 0ms (cache hit)
2239 http cache picomatch@https://registry.npmjs.org/picomatch/-/picomatch-2.3.2.tgz 0ms (cache hit)
2240 http cache braces@https://registry.npmjs.org/braces/-/braces-3.0.3.tgz 0ms (cache hit)
2241 http cache yallist@https://registry.npmjs.org/yallist/-/yallist-3.1.1.tgz 0ms (cache hit)
2242 http cache p-locate@https://registry.npmjs.org/p-locate/-/p-locate-5.0.0.tgz 0ms (cache hit)
2243 http cache type-check@https://registry.npmjs.org/type-check/-/type-check-0.4.0.tgz 0ms (cache hit)
2244 http cache prelude-ls@https://registry.npmjs.org/prelude-ls/-/prelude-ls-1.2.1.tgz 0ms (cache hit)
2245 http cache language-subtag-registry@https://registry.npmjs.org/language-subtag-registry/-/language-subtag-registry-0.3.23.tgz 0ms (cache hit)
2246 http cache argparse@https://registry.npmjs.org/argparse/-/argparse-2.0.1.tgz 0ms (cache hit)
2247 http cache json-buffer@https://registry.npmjs.org/json-buffer/-/json-buffer-3.0.1.tgz 0ms (cache hit)
2248 http cache set-function-name@https://registry.npmjs.org/set-function-name/-/set-function-name-2.0.2.tgz 0ms (cache hit)
2249 http cache is-extglob@https://registry.npmjs.org/is-extglob/-/is-extglob-2.1.1.tgz 0ms (cache hit)
2250 http cache side-channel@https://registry.npmjs.org/side-channel/-/side-channel-1.1.0.tgz 0ms (cache hit)
2251 http cache resolve-from@https://registry.npmjs.org/resolve-from/-/resolve-from-4.0.0.tgz 0ms (cache hit)
2252 http cache hermes-estree@https://registry.npmjs.org/hermes-estree/-/hermes-estree-0.25.1.tgz 0ms (cache hit)
2253 http cache parent-module@https://registry.npmjs.org/parent-module/-/parent-module-1.0.1.tgz 0ms (cache hit)
2254 http cache resolve-pkg-maps@https://registry.npmjs.org/resolve-pkg-maps/-/resolve-pkg-maps-1.0.0.tgz 0ms (cache hit)
2255 http cache dunder-proto@https://registry.npmjs.org/dunder-proto/-/dunder-proto-1.0.1.tgz 0ms (cache hit)
2256 http cache functions-have-names@https://registry.npmjs.org/functions-have-names/-/functions-have-names-1.2.3.tgz 0ms (cache hit)
2257 http cache flatted@https://registry.npmjs.org/flatted/-/flatted-3.4.2.tgz 0ms (cache hit)
2258 http cache keyv@https://registry.npmjs.org/keyv/-/keyv-4.5.4.tgz 0ms (cache hit)
2259 http cache path-exists@https://registry.npmjs.org/path-exists/-/path-exists-4.0.0.tgz 0ms (cache hit)
2260 http cache locate-path@https://registry.npmjs.org/locate-path/-/locate-path-6.0.0.tgz 0ms (cache hit)
2261 http cache flat-cache@https://registry.npmjs.org/flat-cache/-/flat-cache-4.0.1.tgz 0ms (cache hit)
2262 http cache reusify@https://registry.npmjs.org/reusify/-/reusify-1.1.0.tgz 0ms (cache hit)
2263 http cache run-parallel@https://registry.npmjs.org/run-parallel/-/run-parallel-1.2.0.tgz 0ms (cache hit)
2264 http cache @nodelib/fs.scandir@https://registry.npmjs.org/@nodelib/fs.scandir/-/fs.scandir-2.1.5.tgz 0ms (cache hit)
2265 http cache @nodelib/fs.walk@https://registry.npmjs.org/@nodelib/fs.walk/-/fs.walk-1.2.8.tgz 0ms (cache hit)
2266 http cache micromatch@https://registry.npmjs.org/micromatch/-/micromatch-4.0.8.tgz 0ms (cache hit)
2267 http cache fastq@https://registry.npmjs.org/fastq/-/fastq-1.20.1.tgz 0ms (cache hit)
2268 http cache @nodelib/fs.stat@https://registry.npmjs.org/@nodelib/fs.stat/-/fs.stat-2.0.5.tgz 0ms (cache hit)
2269 http cache merge2@https://registry.npmjs.org/merge2/-/merge2-1.4.1.tgz 0ms (cache hit)
2270 http cache acorn-jsx@https://registry.npmjs.org/acorn-jsx/-/acorn-jsx-5.3.2.tgz 0ms (cache hit)
2271 http cache acorn@https://registry.npmjs.org/acorn/-/acorn-8.16.0.tgz 0ms (cache hit)
2272 http cache esrecurse@https://registry.npmjs.org/esrecurse/-/esrecurse-4.3.0.tgz 0ms (cache hit)
2273 http cache update-browserslist-db@https://registry.npmjs.org/update-browserslist-db/-/update-browserslist-db-1.2.3.tgz 0ms (cache hit)
2274 http cache electron-to-chromium@https://registry.npmjs.org/electron-to-chromium/-/electron-to-chromium-1.5.355.tgz 0ms (cache hit)
2275 http cache node-releases@https://registry.npmjs.org/node-releases/-/node-releases-2.0.44.tgz 0ms (cache hit)
2276 http cache @jridgewell/resolve-uri@https://registry.npmjs.org/@jridgewell/resolve-uri/-/resolve-uri-3.1.2.tgz 0ms (cache hit)
2277 http cache @babel/helper-string-parser@https://registry.npmjs.org/@babel/helper-string-parser/-/helper-string-parser-7.27.1.tgz 0ms (cache hit)
2278 http cache @jridgewell/sourcemap-codec@https://registry.npmjs.org/@jridgewell/sourcemap-codec/-/sourcemap-codec-1.5.5.tgz 0ms (cache hit)
2279 http cache @babel/helper-module-imports@https://registry.npmjs.org/@babel/helper-module-imports/-/helper-module-imports-7.28.6.tgz 0ms (cache hit)
2280 http cache @babel/helper-globals@https://registry.npmjs.org/@babel/helper-globals/-/helper-globals-7.28.0.tgz 0ms (cache hit)
2281 http cache browserslist@https://registry.npmjs.org/browserslist/-/browserslist-4.28.2.tgz 0ms (cache hit)
2282 http cache lru-cache@https://registry.npmjs.org/lru-cache/-/lru-cache-5.1.1.tgz 0ms (cache hit)
2283 http cache jsesc@https://registry.npmjs.org/jsesc/-/jsesc-3.1.0.tgz 0ms (cache hit)
2284 http cache @babel/helper-validator-option@https://registry.npmjs.org/@babel/helper-validator-option/-/helper-validator-option-7.27.1.tgz 0ms (cache hit)
2285 http cache @jridgewell/trace-mapping@https://registry.npmjs.org/@jridgewell/trace-mapping/-/trace-mapping-0.3.31.tgz 0ms (cache hit)
2286 http cache @jridgewell/gen-mapping@https://registry.npmjs.org/@jridgewell/gen-mapping/-/gen-mapping-0.3.13.tgz 0ms (cache hit)
2287 http cache js-tokens@https://registry.npmjs.org/js-tokens/-/js-tokens-4.0.0.tgz 0ms (cache hit)
2288 http cache @babel/compat-data@https://registry.npmjs.org/@babel/compat-data/-/compat-data-7.29.3.tgz 0ms (cache hit)
2289 http cache @babel/helper-validator-identifier@https://registry.npmjs.org/@babel/helper-validator-identifier/-/helper-validator-identifier-7.28.5.tgz 0ms (cache hit)
2290 http cache json5@https://registry.npmjs.org/json5/-/json5-2.2.3.tgz 0ms (cache hit)
2291 http cache gensync@https://registry.npmjs.org/gensync/-/gensync-1.0.0-beta.2.tgz 0ms (cache hit)
2292 http cache @jridgewell/remapping@https://registry.npmjs.org/@jridgewell/remapping/-/remapping-2.3.5.tgz 0ms (cache hit)
2293 http cache convert-source-map@https://registry.npmjs.org/convert-source-map/-/convert-source-map-2.0.0.tgz 0ms (cache hit)
2294 http cache @babel/types@https://registry.npmjs.org/@babel/types/-/types-7.29.0.tgz 0ms (cache hit)
2295 http cache @babel/template@https://registry.npmjs.org/@babel/template/-/template-7.28.6.tgz 0ms (cache hit)
2296 http cache @babel/traverse@https://registry.npmjs.org/@babel/traverse/-/traverse-7.29.0.tgz 0ms (cache hit)
2297 http cache @babel/helpers@https://registry.npmjs.org/@babel/helpers/-/helpers-7.29.2.tgz 0ms (cache hit)
2298 http cache @babel/helper-module-transforms@https://registry.npmjs.org/@babel/helper-module-transforms/-/helper-module-transforms-7.28.6.tgz 0ms (cache hit)
2299 http cache zod-validation-error@https://registry.npmjs.org/zod-validation-error/-/zod-validation-error-4.0.2.tgz 0ms (cache hit)
2300 http cache zod@https://registry.npmjs.org/zod/-/zod-4.4.3.tgz 0ms (cache hit)
2301 http cache @babel/generator@https://registry.npmjs.org/@babel/generator/-/generator-7.29.1.tgz 0ms (cache hit)
2302 http cache @babel/helper-compilation-targets@https://registry.npmjs.org/@babel/helper-compilation-targets/-/helper-compilation-targets-7.28.6.tgz 0ms (cache hit)
2303 http cache @babel/code-frame@https://registry.npmjs.org/@babel/code-frame/-/code-frame-7.29.0.tgz 0ms (cache hit)
2304 http cache hermes-parser@https://registry.npmjs.org/hermes-parser/-/hermes-parser-0.25.1.tgz 0ms (cache hit)
2305 http cache iterator.prototype@https://registry.npmjs.org/iterator.prototype/-/iterator.prototype-1.1.5.tgz 0ms (cache hit)
2306 http cache @babel/parser@https://registry.npmjs.org/@babel/parser/-/parser-7.29.3.tgz 0ms (cache hit)
2307 http cache @babel/core@https://registry.npmjs.org/@babel/core/-/core-7.29.0.tgz 0ms (cache hit)
2308 http cache string.prototype.repeat@https://registry.npmjs.org/string.prototype.repeat/-/string.prototype.repeat-1.0.0.tgz 0ms (cache hit)
2309 http cache string.prototype.matchall@https://registry.npmjs.org/string.prototype.matchall/-/string.prototype.matchall-4.0.12.tgz 0ms (cache hit)
2310 http cache object.entries@https://registry.npmjs.org/object.entries/-/object.entries-1.1.9.tgz 0ms (cache hit)
2311 http cache prop-types@https://registry.npmjs.org/prop-types/-/prop-types-15.8.1.tgz 0ms (cache hit)
2312 http cache estraverse@https://registry.npmjs.org/estraverse/-/estraverse-5.3.0.tgz 0ms (cache hit)
2313 http cache es-iterator-helpers@https://registry.npmjs.org/es-iterator-helpers/-/es-iterator-helpers-1.3.2.tgz 0ms (cache hit)
2314 http cache array.prototype.tosorted@https://registry.npmjs.org/array.prototype.tosorted/-/array.prototype.tosorted-1.1.4.tgz 1ms (cache hit)
2315 http cache array.prototype.findlast@https://registry.npmjs.org/array.prototype.findlast/-/array.prototype.findlast-1.2.5.tgz 0ms (cache hit)
2316 http cache string.prototype.includes@https://registry.npmjs.org/string.prototype.includes/-/string.prototype.includes-2.0.1.tgz 0ms (cache hit)
2317 http cache language-tags@https://registry.npmjs.org/language-tags/-/language-tags-1.0.9.tgz 0ms (cache hit)
2318 http cache jsx-ast-utils@https://registry.npmjs.org/jsx-ast-utils/-/jsx-ast-utils-3.3.5.tgz 0ms (cache hit)
2319 http cache emoji-regex@https://registry.npmjs.org/emoji-regex/-/emoji-regex-9.2.2.tgz 0ms (cache hit)
2320 http cache damerau-levenshtein@https://registry.npmjs.org/damerau-levenshtein/-/damerau-levenshtein-1.0.8.tgz 0ms (cache hit)
2321 http cache axobject-query@https://registry.npmjs.org/axobject-query/-/axobject-query-4.1.0.tgz 0ms (cache hit)
2322 http cache ast-types-flow@https://registry.npmjs.org/ast-types-flow/-/ast-types-flow-0.0.8.tgz 0ms (cache hit)
2323 http cache axe-core@https://registry.npmjs.org/axe-core/-/axe-core-4.11.4.tgz 0ms (cache hit)
2324 http cache aria-query@https://registry.npmjs.org/aria-query/-/aria-query-5.3.2.tgz 0ms (cache hit)
2325 http cache is-symbol@https://registry.npmjs.org/is-symbol/-/is-symbol-1.1.1.tgz 0ms (cache hit)
2326 http cache is-date-object@https://registry.npmjs.org/is-date-object/-/is-date-object-1.1.0.tgz 0ms (cache hit)
2327 http cache has-tostringtag@https://registry.npmjs.org/has-tostringtag/-/has-tostringtag-1.0.2.tgz 0ms (cache hit)
2328 http cache which-typed-array@https://registry.npmjs.org/which-typed-array/-/which-typed-array-1.1.20.tgz 0ms (cache hit)
2329 http cache possible-typed-array-names@https://registry.npmjs.org/possible-typed-array-names/-/possible-typed-array-names-1.1.0.tgz 0ms (cache hit)
2330 http cache typed-array-length@https://registry.npmjs.org/typed-array-length/-/typed-array-length-1.0.7.tgz 0ms (cache hit)
2331 http cache unbox-primitive@https://registry.npmjs.org/unbox-primitive/-/unbox-primitive-1.1.0.tgz 0ms (cache hit)
2332 http cache typed-array-byte-offset@https://registry.npmjs.org/typed-array-byte-offset/-/typed-array-byte-offset-1.0.4.tgz 0ms (cache hit)
2333 http cache typed-array-byte-length@https://registry.npmjs.org/typed-array-byte-length/-/typed-array-byte-length-1.0.3.tgz 0ms (cache hit)
2334 http cache typed-array-buffer@https://registry.npmjs.org/typed-array-buffer/-/typed-array-buffer-1.0.3.tgz 0ms (cache hit)
2335 http cache string.prototype.trim@https://registry.npmjs.org/string.prototype.trim/-/string.prototype.trim-1.2.10.tgz 0ms (cache hit)
2336 http cache stop-iteration-iterator@https://registry.npmjs.org/stop-iteration-iterator/-/stop-iteration-iterator-1.1.0.tgz 0ms (cache hit)
2337 http cache set-proto@https://registry.npmjs.org/set-proto/-/set-proto-1.0.0.tgz 0ms (cache hit)
2338 http cache string.prototype.trimstart@https://registry.npmjs.org/string.prototype.trimstart/-/string.prototype.trimstart-1.0.8.tgz 0ms (cache hit)
2339 http cache safe-regex-test@https://registry.npmjs.org/safe-regex-test/-/safe-regex-test-1.1.0.tgz 0ms (cache hit)
2340 http cache safe-push-apply@https://registry.npmjs.org/safe-push-apply/-/safe-push-apply-1.0.0.tgz 0ms (cache hit)
2341 http cache safe-array-concat@https://registry.npmjs.org/safe-array-concat/-/safe-array-concat-1.1.4.tgz 0ms (cache hit)
2342 http cache own-keys@https://registry.npmjs.org/own-keys/-/own-keys-1.0.1.tgz 0ms (cache hit)
2343 http cache regexp.prototype.flags@https://registry.npmjs.org/regexp.prototype.flags/-/regexp.prototype.flags-1.5.4.tgz 0ms (cache hit)
2344 http cache object.assign@https://registry.npmjs.org/object.assign/-/object.assign-4.1.7.tgz 0ms (cache hit)
2345 http cache object-inspect@https://registry.npmjs.org/object-inspect/-/object-inspect-1.13.4.tgz 0ms (cache hit)
2346 http cache is-weakref@https://registry.npmjs.org/is-weakref/-/is-weakref-1.1.1.tgz 0ms (cache hit)
2347 http cache is-shared-array-buffer@https://registry.npmjs.org/is-shared-array-buffer/-/is-shared-array-buffer-1.0.4.tgz 0ms (cache hit)
2348 http cache is-set@https://registry.npmjs.org/is-set/-/is-set-2.0.3.tgz 0ms (cache hit)
2349 http cache is-typed-array@https://registry.npmjs.org/is-typed-array/-/is-typed-array-1.1.15.tgz 0ms (cache hit)
2350 http cache is-regex@https://registry.npmjs.org/is-regex/-/is-regex-1.2.1.tgz 0ms (cache hit)
2351 http cache is-negative-zero@https://registry.npmjs.org/is-negative-zero/-/is-negative-zero-2.0.3.tgz 0ms (cache hit)
2352 http cache is-data-view@https://registry.npmjs.org/is-data-view/-/is-data-view-1.0.2.tgz 0ms (cache hit)
2353 http cache is-callable@https://registry.npmjs.org/is-callable/-/is-callable-1.2.7.tgz 0ms (cache hit)
2354 http cache internal-slot@https://registry.npmjs.org/internal-slot/-/internal-slot-1.1.0.tgz 0ms (cache hit)
2355 http cache is-array-buffer@https://registry.npmjs.org/is-array-buffer/-/is-array-buffer-3.0.5.tgz 0ms (cache hit)
2356 http cache has-symbols@https://registry.npmjs.org/has-symbols/-/has-symbols-1.1.0.tgz 0ms (cache hit)
2357 http cache has-proto@https://registry.npmjs.org/has-proto/-/has-proto-1.2.0.tgz 1ms (cache hit)
2358 http cache globalthis@https://registry.npmjs.org/globalthis/-/globalthis-1.0.4.tgz 0ms (cache hit)
2359 http cache get-proto@https://registry.npmjs.org/get-proto/-/get-proto-1.0.1.tgz 0ms (cache hit)
2360 http cache get-symbol-description@https://registry.npmjs.org/get-symbol-description/-/get-symbol-description-1.1.0.tgz 0ms (cache hit)
2361 http cache function.prototype.name@https://registry.npmjs.org/function.prototype.name/-/function.prototype.name-1.1.8.tgz 0ms (cache hit)
2362 http cache es-to-primitive@https://registry.npmjs.org/es-to-primitive/-/es-to-primitive-1.3.0.tgz 0ms (cache hit)
2363 http cache es-set-tostringtag@https://registry.npmjs.org/es-set-tostringtag/-/es-set-tostringtag-2.1.0.tgz 0ms (cache hit)
2364 http cache data-view-byte-offset@https://registry.npmjs.org/data-view-byte-offset/-/data-view-byte-offset-1.0.1.tgz 0ms (cache hit)
2365 http cache data-view-byte-length@https://registry.npmjs.org/data-view-byte-length/-/data-view-byte-length-1.0.2.tgz 0ms (cache hit)
2366 http cache data-view-buffer@https://registry.npmjs.org/data-view-buffer/-/data-view-buffer-1.0.2.tgz 0ms (cache hit)
2367 http cache available-typed-arrays@https://registry.npmjs.org/available-typed-arrays/-/available-typed-arrays-1.0.7.tgz 0ms (cache hit)
2368 http cache arraybuffer.prototype.slice@https://registry.npmjs.org/arraybuffer.prototype.slice/-/arraybuffer.prototype.slice-1.0.4.tgz 0ms (cache hit)
2369 http cache array-buffer-byte-length@https://registry.npmjs.org/array-buffer-byte-length/-/array-buffer-byte-length-1.0.2.tgz 0ms (cache hit)
2370 http cache gopd@https://registry.npmjs.org/gopd/-/gopd-1.2.0.tgz 0ms (cache hit)
2371 http cache has-property-descriptors@https://registry.npmjs.org/has-property-descriptors/-/has-property-descriptors-1.0.2.tgz 0ms (cache hit)
2372 http cache function-bind@https://registry.npmjs.org/function-bind/-/function-bind-1.1.2.tgz 0ms (cache hit)
2373 http cache define-data-property@https://registry.npmjs.org/define-data-property/-/define-data-property-1.1.4.tgz 0ms (cache hit)
2374 http cache set-function-length@https://registry.npmjs.org/set-function-length/-/set-function-length-1.2.2.tgz 0ms (cache hit)
2375 http cache object-keys@https://registry.npmjs.org/object-keys/-/object-keys-1.1.1.tgz 0ms (cache hit)
2376 http cache es-define-property@https://registry.npmjs.org/es-define-property/-/es-define-property-1.0.1.tgz 0ms (cache hit)
2377 http cache es-shim-unscopables@https://registry.npmjs.org/es-shim-unscopables/-/es-shim-unscopables-1.1.0.tgz 0ms (cache hit)
2378 http cache es-errors@https://registry.npmjs.org/es-errors/-/es-errors-1.3.0.tgz 0ms (cache hit)
2379 http cache call-bind-apply-helpers@https://registry.npmjs.org/call-bind-apply-helpers/-/call-bind-apply-helpers-1.0.2.tgz 0ms (cache hit)
2380 http cache math-intrinsics@https://registry.npmjs.org/math-intrinsics/-/math-intrinsics-1.1.0.tgz 0ms (cache hit)
2381 http cache is-string@https://registry.npmjs.org/is-string/-/is-string-1.1.1.tgz 0ms (cache hit)
2382 http cache es-object-atoms@https://registry.npmjs.org/es-object-atoms/-/es-object-atoms-1.1.1.tgz 0ms (cache hit)
2383 http cache get-intrinsic@https://registry.npmjs.org/get-intrinsic/-/get-intrinsic-1.3.0.tgz 0ms (cache hit)
2384 http cache define-properties@https://registry.npmjs.org/define-properties/-/define-properties-1.2.1.tgz 0ms (cache hit)
2385 http cache call-bound@https://registry.npmjs.org/call-bound/-/call-bound-1.0.4.tgz 0ms (cache hit)
2386 http cache es-abstract@https://registry.npmjs.org/es-abstract/-/es-abstract-1.24.2.tgz 0ms (cache hit)
2387 http cache call-bind@https://registry.npmjs.org/call-bind/-/call-bind-1.0.9.tgz 0ms (cache hit)
2388 http cache tsconfig-paths@https://registry.npmjs.org/tsconfig-paths/-/tsconfig-paths-3.15.0.tgz 0ms (cache hit)
2389 http cache string.prototype.trimend@https://registry.npmjs.org/string.prototype.trimend/-/string.prototype.trimend-1.0.9.tgz 0ms (cache hit)
2390 http cache object.groupby@https://registry.npmjs.org/object.groupby/-/object.groupby-1.0.3.tgz 0ms (cache hit)
2391 http cache object.fromentries@https://registry.npmjs.org/object.fromentries/-/object.fromentries-2.0.8.tgz 0ms (cache hit)
2392 http cache object.values@https://registry.npmjs.org/object.values/-/object.values-1.2.1.tgz 0ms (cache hit)
2393 http cache hasown@https://registry.npmjs.org/hasown/-/hasown-2.0.3.tgz 0ms (cache hit)
2394 http cache eslint-module-utils@https://registry.npmjs.org/eslint-module-utils/-/eslint-module-utils-2.12.1.tgz 0ms (cache hit)
2395 http cache doctrine@https://registry.npmjs.org/doctrine/-/doctrine-2.1.0.tgz 0ms (cache hit)
2396 http cache @rtsao/scc@https://registry.npmjs.org/@rtsao/scc/-/scc-1.1.0.tgz 0ms (cache hit)
2397 http cache array.prototype.flatmap@https://registry.npmjs.org/array.prototype.flatmap/-/array.prototype.flatmap-1.3.3.tgz 0ms (cache hit)
2398 http cache array.prototype.flat@https://registry.npmjs.org/array.prototype.flat/-/array.prototype.flat-1.3.3.tgz 0ms (cache hit)
2399 http cache array-includes@https://registry.npmjs.org/array-includes/-/array-includes-3.1.9.tgz 0ms (cache hit)
2400 http cache array.prototype.findlastindex@https://registry.npmjs.org/array.prototype.findlastindex/-/array.prototype.findlastindex-1.2.6.tgz 0ms (cache hit)
2401 http cache unrs-resolver@https://registry.npmjs.org/unrs-resolver/-/unrs-resolver-1.11.1.tgz 0ms (cache hit)
2402 http cache tinyglobby@https://registry.npmjs.org/tinyglobby/-/tinyglobby-0.2.16.tgz 0ms (cache hit)
2403 http cache is-bun-module@https://registry.npmjs.org/is-bun-module/-/is-bun-module-2.0.0.tgz 0ms (cache hit)
2404 http cache @nolyfill/is-core-module@https://registry.npmjs.org/@nolyfill/is-core-module/-/is-core-module-1.0.39.tgz 0ms (cache hit)
2405 http cache get-tsconfig@https://registry.npmjs.org/get-tsconfig/-/get-tsconfig-4.14.0.tgz 0ms (cache hit)
2406 http cache stable-hash@https://registry.npmjs.org/stable-hash/-/stable-hash-0.0.5.tgz 0ms (cache hit)
2407 http cache is-core-module@https://registry.npmjs.org/is-core-module/-/is-core-module-2.16.2.tgz 0ms (cache hit)
2408 http cache resolve@https://registry.npmjs.org/resolve/-/resolve-2.0.0-next.6.tgz 0ms (cache hit)
2409 http cache supports-color@https://registry.npmjs.org/supports-color/-/supports-color-7.2.0.tgz 0ms (cache hit)
2410 http cache color-name@https://registry.npmjs.org/color-name/-/color-name-1.1.4.tgz 0ms (cache hit)
2411 http cache color-convert@https://registry.npmjs.org/color-convert/-/color-convert-2.0.1.tgz 0ms (cache hit)
2412 http cache ansi-styles@https://registry.npmjs.org/ansi-styles/-/ansi-styles-4.3.0.tgz 0ms (cache hit)
2413 http cache strip-json-comments@https://registry.npmjs.org/strip-json-comments/-/strip-json-comments-3.1.1.tgz 0ms (cache hit)
2414 http cache js-yaml@https://registry.npmjs.org/js-yaml/-/js-yaml-4.1.1.tgz 0ms (cache hit)
2415 http cache import-fresh@https://registry.npmjs.org/import-fresh/-/import-fresh-3.3.1.tgz 0ms (cache hit)
2416 http cache @eslint/object-schema@https://registry.npmjs.org/@eslint/object-schema/-/object-schema-2.1.7.tgz 0ms (cache hit)
2417 http cache @types/json-schema@https://registry.npmjs.org/@types/json-schema/-/json-schema-7.0.15.tgz 0ms (cache hit)
2418 http cache minimatch@https://registry.npmjs.org/minimatch/-/minimatch-3.1.5.tgz 0ms (cache hit)
2419 http cache lodash.merge@https://registry.npmjs.org/lodash.merge/-/lodash.merge-4.6.2.tgz 0ms (cache hit)
2420 http cache espree@https://registry.npmjs.org/espree/-/espree-10.4.0.tgz 0ms (cache hit)
2421 http cache @types/estree@https://registry.npmjs.org/@types/estree/-/estree-1.0.9.tgz 0ms (cache hit)
2422 http cache eslint-scope@https://registry.npmjs.org/eslint-scope/-/eslint-scope-8.4.0.tgz 0ms (cache hit)
2423 http cache eslint-visitor-keys@https://registry.npmjs.org/eslint-visitor-keys/-/eslint-visitor-keys-4.2.1.tgz 0ms (cache hit)
2424 http cache chalk@https://registry.npmjs.org/chalk/-/chalk-4.1.2.tgz 0ms (cache hit)
2425 http cache @eslint/plugin-kit@https://registry.npmjs.org/@eslint/plugin-kit/-/plugin-kit-0.4.1.tgz 0ms (cache hit)
2426 http cache @eslint/eslintrc@https://registry.npmjs.org/@eslint/eslintrc/-/eslintrc-3.3.5.tgz 0ms (cache hit)
2427 http cache @eslint/js@https://registry.npmjs.org/@eslint/js/-/js-9.39.4.tgz 0ms (cache hit)
2428 http cache @eslint/core@https://registry.npmjs.org/@eslint/core/-/core-0.17.0.tgz 0ms (cache hit)
2429 http cache fast-glob@https://registry.npmjs.org/fast-glob/-/fast-glob-3.3.1.tgz 0ms (cache hit)
2430 http cache @eslint/config-helpers@https://registry.npmjs.org/@eslint/config-helpers/-/config-helpers-0.4.2.tgz 0ms (cache hit)
2431 http cache globals@https://registry.npmjs.org/globals/-/globals-16.4.0.tgz 0ms (cache hit)
2432 http cache typescript-eslint@https://registry.npmjs.org/typescript-eslint/-/typescript-eslint-8.59.3.tgz 0ms (cache hit)
2433 http cache @eslint/config-array@https://registry.npmjs.org/@eslint/config-array/-/config-array-0.21.2.tgz 0ms (cache hit)
2434 http cache eslint-plugin-react-hooks@https://registry.npmjs.org/eslint-plugin-react-hooks/-/eslint-plugin-react-hooks-7.1.1.tgz 0ms (cache hit)
2435 http cache eslint-plugin-jsx-a11y@https://registry.npmjs.org/eslint-plugin-jsx-a11y/-/eslint-plugin-jsx-a11y-6.10.2.tgz 0ms (cache hit)
2436 http cache eslint-plugin-react@https://registry.npmjs.org/eslint-plugin-react/-/eslint-plugin-react-7.37.5.tgz 0ms (cache hit)
2437 http cache eslint-plugin-import@https://registry.npmjs.org/eslint-plugin-import/-/eslint-plugin-import-2.32.0.tgz 0ms (cache hit)
2438 http cache eslint@https://registry.npmjs.org/eslint/-/eslint-9.39.4.tgz 0ms (cache hit)
2439 http cache eslint-import-resolver-typescript@https://registry.npmjs.org/eslint-import-resolver-typescript/-/eslint-import-resolver-typescript-3.10.1.tgz 0ms (cache hit)
2440 http cache @next/eslint-plugin-next@https://registry.npmjs.org/@next/eslint-plugin-next/-/eslint-plugin-next-16.2.6.tgz 0ms (cache hit)
2441 http cache eslint-import-resolver-node@https://registry.npmjs.org/eslint-import-resolver-node/-/eslint-import-resolver-node-0.3.10.tgz 0ms (cache hit)
2442 http cache ms@https://registry.npmjs.org/ms/-/ms-2.1.3.tgz 0ms (cache hit)
2443 http cache which@https://registry.npmjs.org/which/-/which-2.0.2.tgz 0ms (cache hit)
2444 http cache shebang-command@https://registry.npmjs.org/shebang-command/-/shebang-command-2.0.0.tgz 0ms (cache hit)
2445 http cache path-key@https://registry.npmjs.org/path-key/-/path-key-3.1.1.tgz 0ms (cache hit)
2446 http cache fast-json-stable-stringify@https://registry.npmjs.org/fast-json-stable-stringify/-/fast-json-stable-stringify-2.1.0.tgz 0ms (cache hit)
2447 http cache uri-js@https://registry.npmjs.org/uri-js/-/uri-js-4.4.1.tgz 0ms (cache hit)
2448 http cache json-schema-traverse@https://registry.npmjs.org/json-schema-traverse/-/json-schema-traverse-0.4.1.tgz 0ms (cache hit)
2449 http cache @humanfs/core@https://registry.npmjs.org/@humanfs/core/-/core-0.19.2.tgz 0ms (cache hit)
2450 http cache @humanfs/types@https://registry.npmjs.org/@humanfs/types/-/types-0.15.0.tgz 0ms (cache hit)
2451 http cache levn@https://registry.npmjs.org/levn/-/levn-0.4.1.tgz 0ms (cache hit)
2452 http cache natural-compare@https://registry.npmjs.org/natural-compare/-/natural-compare-1.4.0.tgz 0ms (cache hit)
2453 http cache json-stable-stringify-without-jsonify@https://registry.npmjs.org/json-stable-stringify-without-jsonify/-/json-stable-stringify-without-jsonify-1.0.1.tgz 0ms (cache hit)
2454 http cache optionator@https://registry.npmjs.org/optionator/-/optionator-0.9.4.tgz 0ms (cache hit)
2455 http cache ignore@https://registry.npmjs.org/ignore/-/ignore-5.3.2.tgz 0ms (cache hit)
2456 http cache is-glob@https://registry.npmjs.org/is-glob/-/is-glob-4.0.3.tgz 0ms (cache hit)
2457 http cache imurmurhash@https://registry.npmjs.org/imurmurhash/-/imurmurhash-0.1.4.tgz 0ms (cache hit)
2458 http cache glob-parent@https://registry.npmjs.org/glob-parent/-/glob-parent-6.0.2.tgz 0ms (cache hit)
2459 http cache find-up@https://registry.npmjs.org/find-up/-/find-up-5.0.0.tgz 0ms (cache hit)
2460 http cache fast-deep-equal@https://registry.npmjs.org/fast-deep-equal/-/fast-deep-equal-3.1.3.tgz 0ms (cache hit)
2461 http cache file-entry-cache@https://registry.npmjs.org/file-entry-cache/-/file-entry-cache-8.0.0.tgz 0ms (cache hit)
2462 http cache esutils@https://registry.npmjs.org/esutils/-/esutils-2.0.3.tgz 0ms (cache hit)
2463 http cache escape-string-regexp@https://registry.npmjs.org/escape-string-regexp/-/escape-string-regexp-4.0.0.tgz 0ms (cache hit)
2464 http cache esquery@https://registry.npmjs.org/esquery/-/esquery-1.7.0.tgz 0ms (cache hit)
2465 http cache debug@https://registry.npmjs.org/debug/-/debug-4.4.3.tgz 0ms (cache hit)
2466 http cache @humanwhocodes/retry@https://registry.npmjs.org/@humanwhocodes/retry/-/retry-0.4.3.tgz 0ms (cache hit)
2467 http cache @humanfs/node@https://registry.npmjs.org/@humanfs/node/-/node-0.16.8.tgz 0ms (cache hit)
2468 http cache cross-spawn@https://registry.npmjs.org/cross-spawn/-/cross-spawn-7.0.6.tgz 0ms (cache hit)
2469 http cache ajv@https://registry.npmjs.org/ajv/-/ajv-6.15.0.tgz 0ms (cache hit)
2470 http cache @humanwhocodes/module-importer@https://registry.npmjs.org/@humanwhocodes/module-importer/-/module-importer-1.0.1.tgz 0ms (cache hit)
2471 http cache @eslint-community/regexpp@https://registry.npmjs.org/@eslint-community/regexpp/-/regexpp-4.12.2.tgz 0ms (cache hit)
2472 http cache csstype@https://registry.npmjs.org/csstype/-/csstype-3.2.3.tgz 0ms (cache hit)
2473 http cache undici-types@https://registry.npmjs.org/undici-types/-/undici-types-7.24.6.tgz 0ms (cache hit)
2474 http cache @eslint-community/eslint-utils@https://registry.npmjs.org/@eslint-community/eslint-utils/-/eslint-utils-4.9.1.tgz 0ms (cache hit)
2475 http cache eslint-config-next@https://registry.npmjs.org/eslint-config-next/-/eslint-config-next-16.2.6.tgz 0ms (cache hit)
2476 http cache @types/react-dom@https://registry.npmjs.org/@types/react-dom/-/react-dom-19.2.3.tgz 0ms (cache hit)
2477 http cache typescript@https://registry.npmjs.org/typescript/-/typescript-6.0.3.tgz 0ms (cache hit)
2478 http cache @emnapi/runtime@https://registry.npmjs.org/@emnapi/runtime/-/runtime-1.10.0.tgz 0ms (cache hit)
2479 http cache eslint-visitor-keys@https://registry.npmjs.org/eslint-visitor-keys/-/eslint-visitor-keys-5.0.1.tgz 0ms (cache hit)
2480 http cache @types/react@https://registry.npmjs.org/@types/react/-/react-19.2.14.tgz 0ms (cache hit)
2481 http cache @types/node@https://registry.npmjs.org/@types/node/-/node-25.8.0.tgz 0ms (cache hit)
2482 http cache semver@https://registry.npmjs.org/semver/-/semver-6.3.1.tgz 0ms (cache hit)
2483 http cache brace-expansion@https://registry.npmjs.org/brace-expansion/-/brace-expansion-5.0.6.tgz 0ms (cache hit)
2484 http cache ignore@https://registry.npmjs.org/ignore/-/ignore-7.0.5.tgz 0ms (cache hit)
2485 http cache minimatch@https://registry.npmjs.org/minimatch/-/minimatch-10.2.5.tgz 0ms (cache hit)
2486 http cache balanced-match@https://registry.npmjs.org/balanced-match/-/balanced-match-4.0.4.tgz 0ms (cache hit)
2487 http cache semver@https://registry.npmjs.org/semver/-/semver-6.3.1.tgz 0ms (cache hit)
2488 http cache debug@https://registry.npmjs.org/debug/-/debug-3.2.7.tgz 0ms (cache hit)
2489 http cache semver@https://registry.npmjs.org/semver/-/semver-6.3.1.tgz 0ms (cache hit)
2490 http cache json5@https://registry.npmjs.org/json5/-/json5-1.0.2.tgz 0ms (cache hit)
2491 http cache globals@https://registry.npmjs.org/globals/-/globals-14.0.0.tgz 0ms (cache hit)
2492 http cache picomatch@https://registry.npmjs.org/picomatch/-/picomatch-4.0.4.tgz 0ms (cache hit)
2493 http cache fdir@https://registry.npmjs.org/fdir/-/fdir-6.5.0.tgz 0ms (cache hit)
2494 http cache debug@https://registry.npmjs.org/debug/-/debug-3.2.7.tgz 0ms (cache hit)
2495 http cache glob-parent@https://registry.npmjs.org/glob-parent/-/glob-parent-5.1.2.tgz 0ms (cache hit)
2496 http cache semver@https://registry.npmjs.org/semver/-/semver-6.3.1.tgz 0ms (cache hit)
2497 http cache semver@https://registry.npmjs.org/semver/-/semver-6.3.1.tgz 0ms (cache hit)
2498 silly tarball no local data for is-weakset@https://registry.npmjs.org/is-weakset/-/is-weakset-2.0.4.tgz. Extracting by manifest.
2499 silly tarball no local data for is-map@https://registry.npmjs.org/is-map/-/is-map-2.0.3.tgz. Extracting by manifest.
2500 silly tarball no local data for is-weakmap@https://registry.npmjs.org/is-weakmap/-/is-weakmap-2.0.2.tgz. Extracting by manifest.
2501 http cache debug@https://registry.npmjs.org/debug/-/debug-3.2.7.tgz 0ms (cache hit)
2502 silly tarball no local data for which-collection@https://registry.npmjs.org/which-collection/-/which-collection-1.0.2.tgz. Extracting by manifest.
2503 http cache eslint-visitor-keys@https://registry.npmjs.org/eslint-visitor-keys/-/eslint-visitor-keys-3.4.3.tgz 0ms (cache hit)
2504 silly tarball no local data for generator-function@https://registry.npmjs.org/generator-function/-/generator-function-2.0.1.tgz. Extracting by manifest.
2505 silly tarball no local data for async-function@https://registry.npmjs.org/async-function/-/async-function-1.0.0.tgz. Extracting by manifest.
2506 silly tarball no local data for is-generator-function@https://registry.npmjs.org/is-generator-function/-/is-generator-function-1.1.2.tgz. Extracting by manifest.
2507 silly tarball no local data for is-finalizationregistry@https://registry.npmjs.org/is-finalizationregistry/-/is-finalizationregistry-1.1.1.tgz. Extracting by manifest.
2508 silly tarball no local data for is-async-function@https://registry.npmjs.org/is-async-function/-/is-async-function-2.1.1.tgz. Extracting by manifest.
2509 silly tarball no local data for is-boolean-object@https://registry.npmjs.org/is-boolean-object/-/is-boolean-object-1.2.2.tgz. Extracting by manifest.
2510 silly tarball no local data for is-number-object@https://registry.npmjs.org/is-number-object/-/is-number-object-1.1.1.tgz. Extracting by manifest.
2511 silly tarball no local data for is-bigint@https://registry.npmjs.org/is-bigint/-/is-bigint-1.1.0.tgz. Extracting by manifest.
2512 silly tarball no local data for @emnapi/wasi-threads@https://registry.npmjs.org/@emnapi/wasi-threads/-/wasi-threads-1.2.1.tgz. Extracting by manifest.
2513 silly tarball no local data for isexe@https://registry.npmjs.org/isexe/-/isexe-2.0.0.tgz. Extracting by manifest.
2514 silly tarball no local data for punycode@https://registry.npmjs.org/punycode/-/punycode-2.3.1.tgz. Extracting by manifest.
2515 silly tarball no local data for @tybys/wasm-util@https://registry.npmjs.org/@tybys/wasm-util/-/wasm-util-0.10.2.tgz. Extracting by manifest.
2516 silly tarball no local data for escalade@https://registry.npmjs.org/escalade/-/escalade-3.2.0.tgz. Extracting by manifest.
2517 silly tarball no local data for @emnapi/core@https://registry.npmjs.org/@emnapi/core/-/core-1.10.0.tgz. Extracting by manifest.
2518 silly tarball no local data for @napi-rs/wasm-runtime@https://registry.npmjs.org/@napi-rs/wasm-runtime/-/wasm-runtime-0.2.12.tgz. Extracting by manifest.
2519 silly tarball no local data for @unrs/resolver-binding-win32-x64-msvc@https://registry.npmjs.org/@unrs/resolver-binding-win32-x64-msvc/-/resolver-binding-win32-x64-msvc-1.11.1.tgz. Extracting by manifest.
2520 silly tarball no local data for @typescript-eslint/tsconfig-utils@https://registry.npmjs.org/@typescript-eslint/tsconfig-utils/-/tsconfig-utils-8.59.3.tgz. Extracting by manifest.
2521 silly tarball no local data for napi-postinstall@https://registry.npmjs.org/napi-postinstall/-/napi-postinstall-0.3.4.tgz. Extracting by manifest.
2522 silly tarball no local data for which-boxed-primitive@https://registry.npmjs.org/which-boxed-primitive/-/which-boxed-primitive-1.1.1.tgz. Extracting by manifest.
2523 silly tarball no local data for has-bigints@https://registry.npmjs.org/has-bigints/-/has-bigints-1.1.0.tgz. Extracting by manifest.
2524 silly tarball no local data for @typescript-eslint/project-service@https://registry.npmjs.org/@typescript-eslint/project-service/-/project-service-8.59.3.tgz. Extracting by manifest.
2525 silly tarball no local data for ts-api-utils@https://registry.npmjs.org/ts-api-utils/-/ts-api-utils-2.5.0.tgz. Extracting by manifest.
2526 silly tarball no local data for @typescript-eslint/types@https://registry.npmjs.org/@typescript-eslint/types/-/types-8.59.3.tgz. Extracting by manifest.
2527 silly tarball no local data for @typescript-eslint/visitor-keys@https://registry.npmjs.org/@typescript-eslint/visitor-keys/-/visitor-keys-8.59.3.tgz. Extracting by manifest.
2528 silly tarball no local data for @typescript-eslint/type-utils@https://registry.npmjs.org/@typescript-eslint/type-utils/-/type-utils-8.59.3.tgz. Extracting by manifest.
2529 silly tarball no local data for @typescript-eslint/scope-manager@https://registry.npmjs.org/@typescript-eslint/scope-manager/-/scope-manager-8.59.3.tgz. Extracting by manifest.
2530 silly tarball no local data for @typescript-eslint/utils@https://registry.npmjs.org/@typescript-eslint/utils/-/utils-8.59.3.tgz. Extracting by manifest.
2531 silly tarball no local data for reflect.getprototypeof@https://registry.npmjs.org/reflect.getprototypeof/-/reflect.getprototypeof-1.0.10.tgz. Extracting by manifest.
2532 silly tarball no local data for @typescript-eslint/typescript-estree@https://registry.npmjs.org/@typescript-eslint/typescript-estree/-/typescript-estree-8.59.3.tgz. Extracting by manifest.
2533 silly tarball no local data for which-builtin-type@https://registry.npmjs.org/which-builtin-type/-/which-builtin-type-1.2.1.tgz. Extracting by manifest.
2534 silly tarball no local data for @typescript-eslint/parser@https://registry.npmjs.org/@typescript-eslint/parser/-/parser-8.59.3.tgz. Extracting by manifest.
2535 silly tarball no local data for @typescript-eslint/eslint-plugin@https://registry.npmjs.org/@typescript-eslint/eslint-plugin/-/eslint-plugin-8.59.3.tgz. Extracting by manifest.
2536 silly tarball no local data for @types/json5@https://registry.npmjs.org/@types/json5/-/json5-0.0.29.tgz. Extracting by manifest.
2537 silly tarball no local data for for-each@https://registry.npmjs.org/for-each/-/for-each-0.3.5.tgz. Extracting by manifest.
2538 silly tarball no local data for minimist@https://registry.npmjs.org/minimist/-/minimist-1.2.8.tgz. Extracting by manifest.
2539 silly tarball no local data for strip-bom@https://registry.npmjs.org/strip-bom/-/strip-bom-3.0.0.tgz. Extracting by manifest.
2540 silly tarball no local data for is-number@https://registry.npmjs.org/is-number/-/is-number-7.0.0.tgz. Extracting by manifest.
2541 silly tarball no local data for has-flag@https://registry.npmjs.org/has-flag/-/has-flag-4.0.0.tgz. Extracting by manifest.
2542 silly tarball no local data for side-channel-weakmap@https://registry.npmjs.org/side-channel-weakmap/-/side-channel-weakmap-1.0.2.tgz. Extracting by manifest.
2543 silly tarball no local data for side-channel-map@https://registry.npmjs.org/side-channel-map/-/side-channel-map-1.0.1.tgz. Extracting by manifest.
2544 silly tarball no local data for shebang-regex@https://registry.npmjs.org/shebang-regex/-/shebang-regex-3.0.0.tgz. Extracting by manifest.
2545 silly tarball no local data for side-channel-list@https://registry.npmjs.org/side-channel-list/-/side-channel-list-1.0.1.tgz. Extracting by manifest.
2546 silly tarball no local data for isarray@https://registry.npmjs.org/isarray/-/isarray-2.0.5.tgz. Extracting by manifest.
2547 silly tarball no local data for queue-microtask@https://registry.npmjs.org/queue-microtask/-/queue-microtask-1.2.3.tgz. Extracting by manifest.
2548 silly tarball no local data for path-parse@https://registry.npmjs.org/path-parse/-/path-parse-1.0.7.tgz. Extracting by manifest.
2549 silly tarball no local data for supports-preserve-symlinks-flag@https://registry.npmjs.org/supports-preserve-symlinks-flag/-/supports-preserve-symlinks-flag-1.0.0.tgz. Extracting by manifest.
2550 silly tarball no local data for react-is@https://registry.npmjs.org/react-is/-/react-is-16.13.1.tgz. Extracting by manifest.
2551 silly tarball no local data for node-exports-info@https://registry.npmjs.org/node-exports-info/-/node-exports-info-1.6.0.tgz. Extracting by manifest.
2552 silly tarball no local data for object-assign@https://registry.npmjs.org/object-assign/-/object-assign-4.1.1.tgz. Extracting by manifest.
2553 silly tarball no local data for loose-envify@https://registry.npmjs.org/loose-envify/-/loose-envify-1.4.0.tgz. Extracting by manifest.
2554 silly tarball no local data for callsites@https://registry.npmjs.org/callsites/-/callsites-3.1.0.tgz. Extracting by manifest.
2555 silly tarball no local data for yocto-queue@https://registry.npmjs.org/yocto-queue/-/yocto-queue-0.1.0.tgz. Extracting by manifest.
2556 silly tarball no local data for p-limit@https://registry.npmjs.org/p-limit/-/p-limit-3.1.0.tgz. Extracting by manifest.
2557 silly tarball no local data for deep-is@https://registry.npmjs.org/deep-is/-/deep-is-0.1.4.tgz. Extracting by manifest.
2558 silly tarball no local data for word-wrap@https://registry.npmjs.org/word-wrap/-/word-wrap-1.2.5.tgz. Extracting by manifest.
2559 silly tarball no local data for concat-map@https://registry.npmjs.org/concat-map/-/concat-map-0.0.1.tgz. Extracting by manifest.
2560 silly tarball no local data for fast-levenshtein@https://registry.npmjs.org/fast-levenshtein/-/fast-levenshtein-2.0.6.tgz. Extracting by manifest.
2561 silly tarball no local data for balanced-match@https://registry.npmjs.org/balanced-match/-/balanced-match-1.0.2.tgz. Extracting by manifest.
2562 silly tarball no local data for to-regex-range@https://registry.npmjs.org/to-regex-range/-/to-regex-range-5.0.1.tgz. Extracting by manifest.
2563 silly tarball no local data for brace-expansion@https://registry.npmjs.org/brace-expansion/-/brace-expansion-1.1.14.tgz. Extracting by manifest.
2564 silly tarball no local data for fill-range@https://registry.npmjs.org/fill-range/-/fill-range-7.1.1.tgz. Extracting by manifest.
2565 silly tarball no local data for picomatch@https://registry.npmjs.org/picomatch/-/picomatch-2.3.2.tgz. Extracting by manifest.
2566 silly tarball no local data for braces@https://registry.npmjs.org/braces/-/braces-3.0.3.tgz. Extracting by manifest.
2567 silly tarball no local data for yallist@https://registry.npmjs.org/yallist/-/yallist-3.1.1.tgz. Extracting by manifest.
2568 silly tarball no local data for p-locate@https://registry.npmjs.org/p-locate/-/p-locate-5.0.0.tgz. Extracting by manifest.
2569 silly tarball no local data for type-check@https://registry.npmjs.org/type-check/-/type-check-0.4.0.tgz. Extracting by manifest.
2570 silly tarball no local data for prelude-ls@https://registry.npmjs.org/prelude-ls/-/prelude-ls-1.2.1.tgz. Extracting by manifest.
2571 silly tarball no local data for language-subtag-registry@https://registry.npmjs.org/language-subtag-registry/-/language-subtag-registry-0.3.23.tgz. Extracting by manifest.
2572 silly tarball no local data for argparse@https://registry.npmjs.org/argparse/-/argparse-2.0.1.tgz. Extracting by manifest.
2573 silly tarball no local data for json-buffer@https://registry.npmjs.org/json-buffer/-/json-buffer-3.0.1.tgz. Extracting by manifest.
2574 silly tarball no local data for set-function-name@https://registry.npmjs.org/set-function-name/-/set-function-name-2.0.2.tgz. Extracting by manifest.
2575 silly tarball no local data for is-extglob@https://registry.npmjs.org/is-extglob/-/is-extglob-2.1.1.tgz. Extracting by manifest.
2576 silly tarball no local data for side-channel@https://registry.npmjs.org/side-channel/-/side-channel-1.1.0.tgz. Extracting by manifest.
2577 silly tarball no local data for resolve-from@https://registry.npmjs.org/resolve-from/-/resolve-from-4.0.0.tgz. Extracting by manifest.
2578 silly tarball no local data for hermes-estree@https://registry.npmjs.org/hermes-estree/-/hermes-estree-0.25.1.tgz. Extracting by manifest.
2579 silly tarball no local data for parent-module@https://registry.npmjs.org/parent-module/-/parent-module-1.0.1.tgz. Extracting by manifest.
2580 silly tarball no local data for resolve-pkg-maps@https://registry.npmjs.org/resolve-pkg-maps/-/resolve-pkg-maps-1.0.0.tgz. Extracting by manifest.
2581 silly tarball no local data for dunder-proto@https://registry.npmjs.org/dunder-proto/-/dunder-proto-1.0.1.tgz. Extracting by manifest.
2582 silly tarball no local data for functions-have-names@https://registry.npmjs.org/functions-have-names/-/functions-have-names-1.2.3.tgz. Extracting by manifest.
2583 silly tarball no local data for flatted@https://registry.npmjs.org/flatted/-/flatted-3.4.2.tgz. Extracting by manifest.
2584 silly tarball no local data for keyv@https://registry.npmjs.org/keyv/-/keyv-4.5.4.tgz. Extracting by manifest.
2585 silly tarball no local data for path-exists@https://registry.npmjs.org/path-exists/-/path-exists-4.0.0.tgz. Extracting by manifest.
2586 silly tarball no local data for locate-path@https://registry.npmjs.org/locate-path/-/locate-path-6.0.0.tgz. Extracting by manifest.
2587 silly tarball no local data for flat-cache@https://registry.npmjs.org/flat-cache/-/flat-cache-4.0.1.tgz. Extracting by manifest.
2588 silly tarball no local data for reusify@https://registry.npmjs.org/reusify/-/reusify-1.1.0.tgz. Extracting by manifest.
2589 silly tarball no local data for run-parallel@https://registry.npmjs.org/run-parallel/-/run-parallel-1.2.0.tgz. Extracting by manifest.
2590 silly tarball no local data for @nodelib/fs.scandir@https://registry.npmjs.org/@nodelib/fs.scandir/-/fs.scandir-2.1.5.tgz. Extracting by manifest.
2591 silly tarball no local data for @nodelib/fs.walk@https://registry.npmjs.org/@nodelib/fs.walk/-/fs.walk-1.2.8.tgz. Extracting by manifest.
2592 silly tarball no local data for micromatch@https://registry.npmjs.org/micromatch/-/micromatch-4.0.8.tgz. Extracting by manifest.
2593 silly tarball no local data for fastq@https://registry.npmjs.org/fastq/-/fastq-1.20.1.tgz. Extracting by manifest.
2594 silly tarball no local data for @nodelib/fs.stat@https://registry.npmjs.org/@nodelib/fs.stat/-/fs.stat-2.0.5.tgz. Extracting by manifest.
2595 silly tarball no local data for merge2@https://registry.npmjs.org/merge2/-/merge2-1.4.1.tgz. Extracting by manifest.
2596 silly tarball no local data for acorn-jsx@https://registry.npmjs.org/acorn-jsx/-/acorn-jsx-5.3.2.tgz. Extracting by manifest.
2597 silly tarball no local data for acorn@https://registry.npmjs.org/acorn/-/acorn-8.16.0.tgz. Extracting by manifest.
2598 silly tarball no local data for esrecurse@https://registry.npmjs.org/esrecurse/-/esrecurse-4.3.0.tgz. Extracting by manifest.
2599 silly tarball no local data for update-browserslist-db@https://registry.npmjs.org/update-browserslist-db/-/update-browserslist-db-1.2.3.tgz. Extracting by manifest.
2600 silly tarball no local data for electron-to-chromium@https://registry.npmjs.org/electron-to-chromium/-/electron-to-chromium-1.5.355.tgz. Extracting by manifest.
2601 silly tarball no local data for node-releases@https://registry.npmjs.org/node-releases/-/node-releases-2.0.44.tgz. Extracting by manifest.
2602 silly tarball no local data for @jridgewell/resolve-uri@https://registry.npmjs.org/@jridgewell/resolve-uri/-/resolve-uri-3.1.2.tgz. Extracting by manifest.
2603 silly tarball no local data for @babel/helper-string-parser@https://registry.npmjs.org/@babel/helper-string-parser/-/helper-string-parser-7.27.1.tgz. Extracting by manifest.
2604 silly tarball no local data for @jridgewell/sourcemap-codec@https://registry.npmjs.org/@jridgewell/sourcemap-codec/-/sourcemap-codec-1.5.5.tgz. Extracting by manifest.
2605 silly tarball no local data for @babel/helper-module-imports@https://registry.npmjs.org/@babel/helper-module-imports/-/helper-module-imports-7.28.6.tgz. Extracting by manifest.
2606 silly tarball no local data for @babel/helper-globals@https://registry.npmjs.org/@babel/helper-globals/-/helper-globals-7.28.0.tgz. Extracting by manifest.
2607 silly tarball no local data for browserslist@https://registry.npmjs.org/browserslist/-/browserslist-4.28.2.tgz. Extracting by manifest.
2608 silly tarball no local data for lru-cache@https://registry.npmjs.org/lru-cache/-/lru-cache-5.1.1.tgz. Extracting by manifest.
2609 silly tarball no local data for jsesc@https://registry.npmjs.org/jsesc/-/jsesc-3.1.0.tgz. Extracting by manifest.
2610 silly tarball no local data for @babel/helper-validator-option@https://registry.npmjs.org/@babel/helper-validator-option/-/helper-validator-option-7.27.1.tgz. Extracting by manifest.
2611 silly tarball no local data for @jridgewell/trace-mapping@https://registry.npmjs.org/@jridgewell/trace-mapping/-/trace-mapping-0.3.31.tgz. Extracting by manifest.
2612 silly tarball no local data for @jridgewell/gen-mapping@https://registry.npmjs.org/@jridgewell/gen-mapping/-/gen-mapping-0.3.13.tgz. Extracting by manifest.
2613 silly tarball no local data for js-tokens@https://registry.npmjs.org/js-tokens/-/js-tokens-4.0.0.tgz. Extracting by manifest.
2614 silly tarball no local data for @babel/compat-data@https://registry.npmjs.org/@babel/compat-data/-/compat-data-7.29.3.tgz. Extracting by manifest.
2615 silly tarball no local data for @babel/helper-validator-identifier@https://registry.npmjs.org/@babel/helper-validator-identifier/-/helper-validator-identifier-7.28.5.tgz. Extracting by manifest.
2616 silly tarball no local data for json5@https://registry.npmjs.org/json5/-/json5-2.2.3.tgz. Extracting by manifest.
2617 silly tarball no local data for gensync@https://registry.npmjs.org/gensync/-/gensync-1.0.0-beta.2.tgz. Extracting by manifest.
2618 silly tarball no local data for @jridgewell/remapping@https://registry.npmjs.org/@jridgewell/remapping/-/remapping-2.3.5.tgz. Extracting by manifest.
2619 silly tarball no local data for convert-source-map@https://registry.npmjs.org/convert-source-map/-/convert-source-map-2.0.0.tgz. Extracting by manifest.
2620 silly tarball no local data for @babel/types@https://registry.npmjs.org/@babel/types/-/types-7.29.0.tgz. Extracting by manifest.
2621 silly tarball no local data for @babel/template@https://registry.npmjs.org/@babel/template/-/template-7.28.6.tgz. Extracting by manifest.
2622 silly tarball no local data for @babel/traverse@https://registry.npmjs.org/@babel/traverse/-/traverse-7.29.0.tgz. Extracting by manifest.
2623 silly tarball no local data for @babel/helpers@https://registry.npmjs.org/@babel/helpers/-/helpers-7.29.2.tgz. Extracting by manifest.
2624 silly tarball no local data for @babel/helper-module-transforms@https://registry.npmjs.org/@babel/helper-module-transforms/-/helper-module-transforms-7.28.6.tgz. Extracting by manifest.
2625 silly tarball no local data for zod-validation-error@https://registry.npmjs.org/zod-validation-error/-/zod-validation-error-4.0.2.tgz. Extracting by manifest.
2626 silly tarball no local data for zod@https://registry.npmjs.org/zod/-/zod-4.4.3.tgz. Extracting by manifest.
2627 silly tarball no local data for @babel/generator@https://registry.npmjs.org/@babel/generator/-/generator-7.29.1.tgz. Extracting by manifest.
2628 silly tarball no local data for @babel/helper-compilation-targets@https://registry.npmjs.org/@babel/helper-compilation-targets/-/helper-compilation-targets-7.28.6.tgz. Extracting by manifest.
2629 silly tarball no local data for @babel/code-frame@https://registry.npmjs.org/@babel/code-frame/-/code-frame-7.29.0.tgz. Extracting by manifest.
2630 silly tarball no local data for hermes-parser@https://registry.npmjs.org/hermes-parser/-/hermes-parser-0.25.1.tgz. Extracting by manifest.
2631 silly tarball no local data for iterator.prototype@https://registry.npmjs.org/iterator.prototype/-/iterator.prototype-1.1.5.tgz. Extracting by manifest.
2632 silly tarball no local data for @babel/parser@https://registry.npmjs.org/@babel/parser/-/parser-7.29.3.tgz. Extracting by manifest.
2633 silly tarball no local data for @babel/core@https://registry.npmjs.org/@babel/core/-/core-7.29.0.tgz. Extracting by manifest.
2634 silly tarball no local data for string.prototype.repeat@https://registry.npmjs.org/string.prototype.repeat/-/string.prototype.repeat-1.0.0.tgz. Extracting by manifest.
2635 silly tarball no local data for string.prototype.matchall@https://registry.npmjs.org/string.prototype.matchall/-/string.prototype.matchall-4.0.12.tgz. Extracting by manifest.
2636 silly tarball no local data for object.entries@https://registry.npmjs.org/object.entries/-/object.entries-1.1.9.tgz. Extracting by manifest.
2637 silly tarball no local data for prop-types@https://registry.npmjs.org/prop-types/-/prop-types-15.8.1.tgz. Extracting by manifest.
2638 silly tarball no local data for estraverse@https://registry.npmjs.org/estraverse/-/estraverse-5.3.0.tgz. Extracting by manifest.
2639 silly tarball no local data for es-iterator-helpers@https://registry.npmjs.org/es-iterator-helpers/-/es-iterator-helpers-1.3.2.tgz. Extracting by manifest.
2640 silly tarball no local data for array.prototype.tosorted@https://registry.npmjs.org/array.prototype.tosorted/-/array.prototype.tosorted-1.1.4.tgz. Extracting by manifest.
2641 silly tarball no local data for array.prototype.findlast@https://registry.npmjs.org/array.prototype.findlast/-/array.prototype.findlast-1.2.5.tgz. Extracting by manifest.
2642 silly tarball no local data for string.prototype.includes@https://registry.npmjs.org/string.prototype.includes/-/string.prototype.includes-2.0.1.tgz. Extracting by manifest.
2643 silly tarball no local data for language-tags@https://registry.npmjs.org/language-tags/-/language-tags-1.0.9.tgz. Extracting by manifest.
2644 silly tarball no local data for jsx-ast-utils@https://registry.npmjs.org/jsx-ast-utils/-/jsx-ast-utils-3.3.5.tgz. Extracting by manifest.
2645 silly tarball no local data for emoji-regex@https://registry.npmjs.org/emoji-regex/-/emoji-regex-9.2.2.tgz. Extracting by manifest.
2646 silly tarball no local data for damerau-levenshtein@https://registry.npmjs.org/damerau-levenshtein/-/damerau-levenshtein-1.0.8.tgz. Extracting by manifest.
2647 silly tarball no local data for axobject-query@https://registry.npmjs.org/axobject-query/-/axobject-query-4.1.0.tgz. Extracting by manifest.
2648 silly tarball no local data for ast-types-flow@https://registry.npmjs.org/ast-types-flow/-/ast-types-flow-0.0.8.tgz. Extracting by manifest.
2649 silly tarball no local data for axe-core@https://registry.npmjs.org/axe-core/-/axe-core-4.11.4.tgz. Extracting by manifest.
2650 silly tarball no local data for aria-query@https://registry.npmjs.org/aria-query/-/aria-query-5.3.2.tgz. Extracting by manifest.
2651 silly tarball no local data for is-symbol@https://registry.npmjs.org/is-symbol/-/is-symbol-1.1.1.tgz. Extracting by manifest.
2652 silly tarball no local data for is-date-object@https://registry.npmjs.org/is-date-object/-/is-date-object-1.1.0.tgz. Extracting by manifest.
2653 silly tarball no local data for has-tostringtag@https://registry.npmjs.org/has-tostringtag/-/has-tostringtag-1.0.2.tgz. Extracting by manifest.
2654 silly tarball no local data for which-typed-array@https://registry.npmjs.org/which-typed-array/-/which-typed-array-1.1.20.tgz. Extracting by manifest.
2655 silly tarball no local data for possible-typed-array-names@https://registry.npmjs.org/possible-typed-array-names/-/possible-typed-array-names-1.1.0.tgz. Extracting by manifest.
2656 silly tarball no local data for typed-array-length@https://registry.npmjs.org/typed-array-length/-/typed-array-length-1.0.7.tgz. Extracting by manifest.
2657 silly tarball no local data for unbox-primitive@https://registry.npmjs.org/unbox-primitive/-/unbox-primitive-1.1.0.tgz. Extracting by manifest.
2658 silly tarball no local data for typed-array-byte-offset@https://registry.npmjs.org/typed-array-byte-offset/-/typed-array-byte-offset-1.0.4.tgz. Extracting by manifest.
2659 silly tarball no local data for typed-array-byte-length@https://registry.npmjs.org/typed-array-byte-length/-/typed-array-byte-length-1.0.3.tgz. Extracting by manifest.
2660 silly tarball no local data for typed-array-buffer@https://registry.npmjs.org/typed-array-buffer/-/typed-array-buffer-1.0.3.tgz. Extracting by manifest.
2661 silly tarball no local data for string.prototype.trim@https://registry.npmjs.org/string.prototype.trim/-/string.prototype.trim-1.2.10.tgz. Extracting by manifest.
2662 silly tarball no local data for stop-iteration-iterator@https://registry.npmjs.org/stop-iteration-iterator/-/stop-iteration-iterator-1.1.0.tgz. Extracting by manifest.
2663 silly tarball no local data for set-proto@https://registry.npmjs.org/set-proto/-/set-proto-1.0.0.tgz. Extracting by manifest.
2664 silly tarball no local data for string.prototype.trimstart@https://registry.npmjs.org/string.prototype.trimstart/-/string.prototype.trimstart-1.0.8.tgz. Extracting by manifest.
2665 silly tarball no local data for safe-regex-test@https://registry.npmjs.org/safe-regex-test/-/safe-regex-test-1.1.0.tgz. Extracting by manifest.
2666 silly tarball no local data for safe-push-apply@https://registry.npmjs.org/safe-push-apply/-/safe-push-apply-1.0.0.tgz. Extracting by manifest.
2667 silly tarball no local data for safe-array-concat@https://registry.npmjs.org/safe-array-concat/-/safe-array-concat-1.1.4.tgz. Extracting by manifest.
2668 silly tarball no local data for own-keys@https://registry.npmjs.org/own-keys/-/own-keys-1.0.1.tgz. Extracting by manifest.
2669 silly tarball no local data for regexp.prototype.flags@https://registry.npmjs.org/regexp.prototype.flags/-/regexp.prototype.flags-1.5.4.tgz. Extracting by manifest.
2670 silly tarball no local data for object.assign@https://registry.npmjs.org/object.assign/-/object.assign-4.1.7.tgz. Extracting by manifest.
2671 silly tarball no local data for object-inspect@https://registry.npmjs.org/object-inspect/-/object-inspect-1.13.4.tgz. Extracting by manifest.
2672 silly tarball no local data for is-weakref@https://registry.npmjs.org/is-weakref/-/is-weakref-1.1.1.tgz. Extracting by manifest.
2673 silly tarball no local data for is-shared-array-buffer@https://registry.npmjs.org/is-shared-array-buffer/-/is-shared-array-buffer-1.0.4.tgz. Extracting by manifest.
2674 silly tarball no local data for is-set@https://registry.npmjs.org/is-set/-/is-set-2.0.3.tgz. Extracting by manifest.
2675 silly tarball no local data for is-typed-array@https://registry.npmjs.org/is-typed-array/-/is-typed-array-1.1.15.tgz. Extracting by manifest.
2676 silly tarball no local data for is-regex@https://registry.npmjs.org/is-regex/-/is-regex-1.2.1.tgz. Extracting by manifest.
2677 silly tarball no local data for is-negative-zero@https://registry.npmjs.org/is-negative-zero/-/is-negative-zero-2.0.3.tgz. Extracting by manifest.
2678 silly tarball no local data for is-data-view@https://registry.npmjs.org/is-data-view/-/is-data-view-1.0.2.tgz. Extracting by manifest.
2679 silly tarball no local data for is-callable@https://registry.npmjs.org/is-callable/-/is-callable-1.2.7.tgz. Extracting by manifest.
2680 silly tarball no local data for internal-slot@https://registry.npmjs.org/internal-slot/-/internal-slot-1.1.0.tgz. Extracting by manifest.
2681 silly tarball no local data for is-array-buffer@https://registry.npmjs.org/is-array-buffer/-/is-array-buffer-3.0.5.tgz. Extracting by manifest.
2682 silly tarball no local data for has-symbols@https://registry.npmjs.org/has-symbols/-/has-symbols-1.1.0.tgz. Extracting by manifest.
2683 silly tarball no local data for has-proto@https://registry.npmjs.org/has-proto/-/has-proto-1.2.0.tgz. Extracting by manifest.
2684 silly tarball no local data for globalthis@https://registry.npmjs.org/globalthis/-/globalthis-1.0.4.tgz. Extracting by manifest.
2685 silly tarball no local data for get-proto@https://registry.npmjs.org/get-proto/-/get-proto-1.0.1.tgz. Extracting by manifest.
2686 silly tarball no local data for get-symbol-description@https://registry.npmjs.org/get-symbol-description/-/get-symbol-description-1.1.0.tgz. Extracting by manifest.
2687 silly tarball no local data for function.prototype.name@https://registry.npmjs.org/function.prototype.name/-/function.prototype.name-1.1.8.tgz. Extracting by manifest.
2688 silly tarball no local data for es-to-primitive@https://registry.npmjs.org/es-to-primitive/-/es-to-primitive-1.3.0.tgz. Extracting by manifest.
2689 silly tarball no local data for es-set-tostringtag@https://registry.npmjs.org/es-set-tostringtag/-/es-set-tostringtag-2.1.0.tgz. Extracting by manifest.
2690 silly tarball no local data for data-view-byte-offset@https://registry.npmjs.org/data-view-byte-offset/-/data-view-byte-offset-1.0.1.tgz. Extracting by manifest.
2691 silly tarball no local data for data-view-byte-length@https://registry.npmjs.org/data-view-byte-length/-/data-view-byte-length-1.0.2.tgz. Extracting by manifest.
2692 silly tarball no local data for data-view-buffer@https://registry.npmjs.org/data-view-buffer/-/data-view-buffer-1.0.2.tgz. Extracting by manifest.
2693 silly tarball no local data for available-typed-arrays@https://registry.npmjs.org/available-typed-arrays/-/available-typed-arrays-1.0.7.tgz. Extracting by manifest.
2694 silly tarball no local data for arraybuffer.prototype.slice@https://registry.npmjs.org/arraybuffer.prototype.slice/-/arraybuffer.prototype.slice-1.0.4.tgz. Extracting by manifest.
2695 silly tarball no local data for array-buffer-byte-length@https://registry.npmjs.org/array-buffer-byte-length/-/array-buffer-byte-length-1.0.2.tgz. Extracting by manifest.
2696 silly tarball no local data for gopd@https://registry.npmjs.org/gopd/-/gopd-1.2.0.tgz. Extracting by manifest.
2697 silly tarball no local data for has-property-descriptors@https://registry.npmjs.org/has-property-descriptors/-/has-property-descriptors-1.0.2.tgz. Extracting by manifest.
2698 silly tarball no local data for function-bind@https://registry.npmjs.org/function-bind/-/function-bind-1.1.2.tgz. Extracting by manifest.
2699 silly tarball no local data for define-data-property@https://registry.npmjs.org/define-data-property/-/define-data-property-1.1.4.tgz. Extracting by manifest.
2700 silly tarball no local data for set-function-length@https://registry.npmjs.org/set-function-length/-/set-function-length-1.2.2.tgz. Extracting by manifest.
2701 silly tarball no local data for object-keys@https://registry.npmjs.org/object-keys/-/object-keys-1.1.1.tgz. Extracting by manifest.
2702 silly tarball no local data for es-define-property@https://registry.npmjs.org/es-define-property/-/es-define-property-1.0.1.tgz. Extracting by manifest.
2703 silly tarball no local data for es-shim-unscopables@https://registry.npmjs.org/es-shim-unscopables/-/es-shim-unscopables-1.1.0.tgz. Extracting by manifest.
2704 silly tarball no local data for es-errors@https://registry.npmjs.org/es-errors/-/es-errors-1.3.0.tgz. Extracting by manifest.
2705 silly tarball no local data for call-bind-apply-helpers@https://registry.npmjs.org/call-bind-apply-helpers/-/call-bind-apply-helpers-1.0.2.tgz. Extracting by manifest.
2706 silly tarball no local data for math-intrinsics@https://registry.npmjs.org/math-intrinsics/-/math-intrinsics-1.1.0.tgz. Extracting by manifest.
2707 silly tarball no local data for is-string@https://registry.npmjs.org/is-string/-/is-string-1.1.1.tgz. Extracting by manifest.
2708 silly tarball no local data for es-object-atoms@https://registry.npmjs.org/es-object-atoms/-/es-object-atoms-1.1.1.tgz. Extracting by manifest.
2709 silly tarball no local data for get-intrinsic@https://registry.npmjs.org/get-intrinsic/-/get-intrinsic-1.3.0.tgz. Extracting by manifest.
2710 silly tarball no local data for define-properties@https://registry.npmjs.org/define-properties/-/define-properties-1.2.1.tgz. Extracting by manifest.
2711 silly tarball no local data for call-bound@https://registry.npmjs.org/call-bound/-/call-bound-1.0.4.tgz. Extracting by manifest.
2712 silly tarball no local data for es-abstract@https://registry.npmjs.org/es-abstract/-/es-abstract-1.24.2.tgz. Extracting by manifest.
2713 silly tarball no local data for call-bind@https://registry.npmjs.org/call-bind/-/call-bind-1.0.9.tgz. Extracting by manifest.
2714 silly tarball no local data for tsconfig-paths@https://registry.npmjs.org/tsconfig-paths/-/tsconfig-paths-3.15.0.tgz. Extracting by manifest.
2715 silly tarball no local data for string.prototype.trimend@https://registry.npmjs.org/string.prototype.trimend/-/string.prototype.trimend-1.0.9.tgz. Extracting by manifest.
2716 silly tarball no local data for object.groupby@https://registry.npmjs.org/object.groupby/-/object.groupby-1.0.3.tgz. Extracting by manifest.
2717 silly tarball no local data for object.fromentries@https://registry.npmjs.org/object.fromentries/-/object.fromentries-2.0.8.tgz. Extracting by manifest.
2718 silly tarball no local data for object.values@https://registry.npmjs.org/object.values/-/object.values-1.2.1.tgz. Extracting by manifest.
2719 silly tarball no local data for hasown@https://registry.npmjs.org/hasown/-/hasown-2.0.3.tgz. Extracting by manifest.
2720 silly tarball no local data for eslint-module-utils@https://registry.npmjs.org/eslint-module-utils/-/eslint-module-utils-2.12.1.tgz. Extracting by manifest.
2721 silly tarball no local data for doctrine@https://registry.npmjs.org/doctrine/-/doctrine-2.1.0.tgz. Extracting by manifest.
2722 silly tarball no local data for @rtsao/scc@https://registry.npmjs.org/@rtsao/scc/-/scc-1.1.0.tgz. Extracting by manifest.
2723 silly tarball no local data for array.prototype.flatmap@https://registry.npmjs.org/array.prototype.flatmap/-/array.prototype.flatmap-1.3.3.tgz. Extracting by manifest.
2724 silly tarball no local data for array.prototype.flat@https://registry.npmjs.org/array.prototype.flat/-/array.prototype.flat-1.3.3.tgz. Extracting by manifest.
2725 silly tarball no local data for array-includes@https://registry.npmjs.org/array-includes/-/array-includes-3.1.9.tgz. Extracting by manifest.
2726 silly tarball no local data for array.prototype.findlastindex@https://registry.npmjs.org/array.prototype.findlastindex/-/array.prototype.findlastindex-1.2.6.tgz. Extracting by manifest.
2727 silly tarball no local data for unrs-resolver@https://registry.npmjs.org/unrs-resolver/-/unrs-resolver-1.11.1.tgz. Extracting by manifest.
2728 silly tarball no local data for tinyglobby@https://registry.npmjs.org/tinyglobby/-/tinyglobby-0.2.16.tgz. Extracting by manifest.
2729 silly tarball no local data for is-bun-module@https://registry.npmjs.org/is-bun-module/-/is-bun-module-2.0.0.tgz. Extracting by manifest.
2730 silly tarball no local data for @nolyfill/is-core-module@https://registry.npmjs.org/@nolyfill/is-core-module/-/is-core-module-1.0.39.tgz. Extracting by manifest.
2731 silly tarball no local data for get-tsconfig@https://registry.npmjs.org/get-tsconfig/-/get-tsconfig-4.14.0.tgz. Extracting by manifest.
2732 silly tarball no local data for stable-hash@https://registry.npmjs.org/stable-hash/-/stable-hash-0.0.5.tgz. Extracting by manifest.
2733 silly tarball no local data for is-core-module@https://registry.npmjs.org/is-core-module/-/is-core-module-2.16.2.tgz. Extracting by manifest.
2734 silly tarball no local data for resolve@https://registry.npmjs.org/resolve/-/resolve-2.0.0-next.6.tgz. Extracting by manifest.
2735 silly tarball no local data for supports-color@https://registry.npmjs.org/supports-color/-/supports-color-7.2.0.tgz. Extracting by manifest.
2736 silly tarball no local data for color-name@https://registry.npmjs.org/color-name/-/color-name-1.1.4.tgz. Extracting by manifest.
2737 silly tarball no local data for color-convert@https://registry.npmjs.org/color-convert/-/color-convert-2.0.1.tgz. Extracting by manifest.
2738 silly tarball no local data for ansi-styles@https://registry.npmjs.org/ansi-styles/-/ansi-styles-4.3.0.tgz. Extracting by manifest.
2739 silly tarball no local data for strip-json-comments@https://registry.npmjs.org/strip-json-comments/-/strip-json-comments-3.1.1.tgz. Extracting by manifest.
2740 silly tarball no local data for js-yaml@https://registry.npmjs.org/js-yaml/-/js-yaml-4.1.1.tgz. Extracting by manifest.
2741 silly tarball no local data for import-fresh@https://registry.npmjs.org/import-fresh/-/import-fresh-3.3.1.tgz. Extracting by manifest.
2742 silly tarball no local data for @eslint/object-schema@https://registry.npmjs.org/@eslint/object-schema/-/object-schema-2.1.7.tgz. Extracting by manifest.
2743 silly tarball no local data for @types/json-schema@https://registry.npmjs.org/@types/json-schema/-/json-schema-7.0.15.tgz. Extracting by manifest.
2744 silly tarball no local data for minimatch@https://registry.npmjs.org/minimatch/-/minimatch-3.1.5.tgz. Extracting by manifest.
2745 silly tarball no local data for lodash.merge@https://registry.npmjs.org/lodash.merge/-/lodash.merge-4.6.2.tgz. Extracting by manifest.
2746 silly tarball no local data for espree@https://registry.npmjs.org/espree/-/espree-10.4.0.tgz. Extracting by manifest.
2747 silly tarball no local data for @types/estree@https://registry.npmjs.org/@types/estree/-/estree-1.0.9.tgz. Extracting by manifest.
2748 silly tarball no local data for eslint-scope@https://registry.npmjs.org/eslint-scope/-/eslint-scope-8.4.0.tgz. Extracting by manifest.
2749 silly tarball no local data for eslint-visitor-keys@https://registry.npmjs.org/eslint-visitor-keys/-/eslint-visitor-keys-4.2.1.tgz. Extracting by manifest.
2750 silly tarball no local data for chalk@https://registry.npmjs.org/chalk/-/chalk-4.1.2.tgz. Extracting by manifest.
2751 silly tarball no local data for @eslint/plugin-kit@https://registry.npmjs.org/@eslint/plugin-kit/-/plugin-kit-0.4.1.tgz. Extracting by manifest.
2752 silly tarball no local data for @eslint/eslintrc@https://registry.npmjs.org/@eslint/eslintrc/-/eslintrc-3.3.5.tgz. Extracting by manifest.
2753 silly tarball no local data for @eslint/js@https://registry.npmjs.org/@eslint/js/-/js-9.39.4.tgz. Extracting by manifest.
2754 silly tarball no local data for @eslint/core@https://registry.npmjs.org/@eslint/core/-/core-0.17.0.tgz. Extracting by manifest.
2755 silly tarball no local data for fast-glob@https://registry.npmjs.org/fast-glob/-/fast-glob-3.3.1.tgz. Extracting by manifest.
2756 silly tarball no local data for @eslint/config-helpers@https://registry.npmjs.org/@eslint/config-helpers/-/config-helpers-0.4.2.tgz. Extracting by manifest.
2757 silly tarball no local data for globals@https://registry.npmjs.org/globals/-/globals-16.4.0.tgz. Extracting by manifest.
2758 silly tarball no local data for typescript-eslint@https://registry.npmjs.org/typescript-eslint/-/typescript-eslint-8.59.3.tgz. Extracting by manifest.
2759 silly tarball no local data for @eslint/config-array@https://registry.npmjs.org/@eslint/config-array/-/config-array-0.21.2.tgz. Extracting by manifest.
2760 silly tarball no local data for eslint-plugin-react-hooks@https://registry.npmjs.org/eslint-plugin-react-hooks/-/eslint-plugin-react-hooks-7.1.1.tgz. Extracting by manifest.
2761 silly tarball no local data for eslint-plugin-jsx-a11y@https://registry.npmjs.org/eslint-plugin-jsx-a11y/-/eslint-plugin-jsx-a11y-6.10.2.tgz. Extracting by manifest.
2762 silly tarball no local data for eslint-plugin-react@https://registry.npmjs.org/eslint-plugin-react/-/eslint-plugin-react-7.37.5.tgz. Extracting by manifest.
2763 silly tarball no local data for eslint-plugin-import@https://registry.npmjs.org/eslint-plugin-import/-/eslint-plugin-import-2.32.0.tgz. Extracting by manifest.
2764 silly tarball no local data for eslint@https://registry.npmjs.org/eslint/-/eslint-9.39.4.tgz. Extracting by manifest.
2765 silly tarball no local data for eslint-import-resolver-typescript@https://registry.npmjs.org/eslint-import-resolver-typescript/-/eslint-import-resolver-typescript-3.10.1.tgz. Extracting by manifest.
2766 silly tarball no local data for @next/eslint-plugin-next@https://registry.npmjs.org/@next/eslint-plugin-next/-/eslint-plugin-next-16.2.6.tgz. Extracting by manifest.
2767 silly tarball no local data for eslint-import-resolver-node@https://registry.npmjs.org/eslint-import-resolver-node/-/eslint-import-resolver-node-0.3.10.tgz. Extracting by manifest.
2768 silly tarball no local data for ms@https://registry.npmjs.org/ms/-/ms-2.1.3.tgz. Extracting by manifest.
2769 silly tarball no local data for which@https://registry.npmjs.org/which/-/which-2.0.2.tgz. Extracting by manifest.
2770 silly tarball no local data for shebang-command@https://registry.npmjs.org/shebang-command/-/shebang-command-2.0.0.tgz. Extracting by manifest.
2771 silly tarball no local data for path-key@https://registry.npmjs.org/path-key/-/path-key-3.1.1.tgz. Extracting by manifest.
2772 silly tarball no local data for fast-json-stable-stringify@https://registry.npmjs.org/fast-json-stable-stringify/-/fast-json-stable-stringify-2.1.0.tgz. Extracting by manifest.
2773 silly tarball no local data for uri-js@https://registry.npmjs.org/uri-js/-/uri-js-4.4.1.tgz. Extracting by manifest.
2774 silly tarball no local data for json-schema-traverse@https://registry.npmjs.org/json-schema-traverse/-/json-schema-traverse-0.4.1.tgz. Extracting by manifest.
2775 silly tarball no local data for @humanfs/core@https://registry.npmjs.org/@humanfs/core/-/core-0.19.2.tgz. Extracting by manifest.
2776 silly tarball no local data for @humanfs/types@https://registry.npmjs.org/@humanfs/types/-/types-0.15.0.tgz. Extracting by manifest.
2777 silly tarball no local data for levn@https://registry.npmjs.org/levn/-/levn-0.4.1.tgz. Extracting by manifest.
2778 silly tarball no local data for natural-compare@https://registry.npmjs.org/natural-compare/-/natural-compare-1.4.0.tgz. Extracting by manifest.
2779 silly tarball no local data for json-stable-stringify-without-jsonify@https://registry.npmjs.org/json-stable-stringify-without-jsonify/-/json-stable-stringify-without-jsonify-1.0.1.tgz. Extracting by manifest.
2780 silly tarball no local data for optionator@https://registry.npmjs.org/optionator/-/optionator-0.9.4.tgz. Extracting by manifest.
2781 silly tarball no local data for ignore@https://registry.npmjs.org/ignore/-/ignore-5.3.2.tgz. Extracting by manifest.
2782 silly tarball no local data for is-glob@https://registry.npmjs.org/is-glob/-/is-glob-4.0.3.tgz. Extracting by manifest.
2783 silly tarball no local data for imurmurhash@https://registry.npmjs.org/imurmurhash/-/imurmurhash-0.1.4.tgz. Extracting by manifest.
2784 silly tarball no local data for glob-parent@https://registry.npmjs.org/glob-parent/-/glob-parent-6.0.2.tgz. Extracting by manifest.
2785 silly tarball no local data for find-up@https://registry.npmjs.org/find-up/-/find-up-5.0.0.tgz. Extracting by manifest.
2786 silly tarball no local data for fast-deep-equal@https://registry.npmjs.org/fast-deep-equal/-/fast-deep-equal-3.1.3.tgz. Extracting by manifest.
2787 silly tarball no local data for file-entry-cache@https://registry.npmjs.org/file-entry-cache/-/file-entry-cache-8.0.0.tgz. Extracting by manifest.
2788 silly tarball no local data for esutils@https://registry.npmjs.org/esutils/-/esutils-2.0.3.tgz. Extracting by manifest.
2789 silly tarball no local data for escape-string-regexp@https://registry.npmjs.org/escape-string-regexp/-/escape-string-regexp-4.0.0.tgz. Extracting by manifest.
2790 silly tarball no local data for esquery@https://registry.npmjs.org/esquery/-/esquery-1.7.0.tgz. Extracting by manifest.
2791 silly tarball no local data for debug@https://registry.npmjs.org/debug/-/debug-4.4.3.tgz. Extracting by manifest.
2792 silly tarball no local data for @humanwhocodes/retry@https://registry.npmjs.org/@humanwhocodes/retry/-/retry-0.4.3.tgz. Extracting by manifest.
2793 silly tarball no local data for @humanfs/node@https://registry.npmjs.org/@humanfs/node/-/node-0.16.8.tgz. Extracting by manifest.
2794 silly tarball no local data for cross-spawn@https://registry.npmjs.org/cross-spawn/-/cross-spawn-7.0.6.tgz. Extracting by manifest.
2795 silly tarball no local data for ajv@https://registry.npmjs.org/ajv/-/ajv-6.15.0.tgz. Extracting by manifest.
2796 silly tarball no local data for @humanwhocodes/module-importer@https://registry.npmjs.org/@humanwhocodes/module-importer/-/module-importer-1.0.1.tgz. Extracting by manifest.
2797 silly tarball no local data for @eslint-community/regexpp@https://registry.npmjs.org/@eslint-community/regexpp/-/regexpp-4.12.2.tgz. Extracting by manifest.
2798 silly tarball no local data for csstype@https://registry.npmjs.org/csstype/-/csstype-3.2.3.tgz. Extracting by manifest.
2799 silly tarball no local data for undici-types@https://registry.npmjs.org/undici-types/-/undici-types-7.24.6.tgz. Extracting by manifest.
2800 silly tarball no local data for @eslint-community/eslint-utils@https://registry.npmjs.org/@eslint-community/eslint-utils/-/eslint-utils-4.9.1.tgz. Extracting by manifest.
2801 silly tarball no local data for eslint-config-next@https://registry.npmjs.org/eslint-config-next/-/eslint-config-next-16.2.6.tgz. Extracting by manifest.
2802 silly tarball no local data for @types/react-dom@https://registry.npmjs.org/@types/react-dom/-/react-dom-19.2.3.tgz. Extracting by manifest.
2803 silly tarball no local data for typescript@https://registry.npmjs.org/typescript/-/typescript-6.0.3.tgz. Extracting by manifest.
2804 silly tarball no local data for eslint-visitor-keys@https://registry.npmjs.org/eslint-visitor-keys/-/eslint-visitor-keys-5.0.1.tgz. Extracting by manifest.
2805 silly tarball no local data for @types/react@https://registry.npmjs.org/@types/react/-/react-19.2.14.tgz. Extracting by manifest.
2806 silly tarball no local data for @types/node@https://registry.npmjs.org/@types/node/-/node-25.8.0.tgz. Extracting by manifest.
2807 silly tarball no local data for semver@https://registry.npmjs.org/semver/-/semver-6.3.1.tgz. Extracting by manifest.
2808 silly tarball no local data for brace-expansion@https://registry.npmjs.org/brace-expansion/-/brace-expansion-5.0.6.tgz. Extracting by manifest.
2809 silly tarball no local data for ignore@https://registry.npmjs.org/ignore/-/ignore-7.0.5.tgz. Extracting by manifest.
2810 silly tarball no local data for minimatch@https://registry.npmjs.org/minimatch/-/minimatch-10.2.5.tgz. Extracting by manifest.
2811 silly tarball no local data for balanced-match@https://registry.npmjs.org/balanced-match/-/balanced-match-4.0.4.tgz. Extracting by manifest.
2812 silly tarball no local data for semver@https://registry.npmjs.org/semver/-/semver-6.3.1.tgz. Extracting by manifest.
2813 silly tarball no local data for debug@https://registry.npmjs.org/debug/-/debug-3.2.7.tgz. Extracting by manifest.
2814 silly tarball no local data for semver@https://registry.npmjs.org/semver/-/semver-6.3.1.tgz. Extracting by manifest.
2815 silly tarball no local data for json5@https://registry.npmjs.org/json5/-/json5-1.0.2.tgz. Extracting by manifest.
2816 silly tarball no local data for globals@https://registry.npmjs.org/globals/-/globals-14.0.0.tgz. Extracting by manifest.
2817 silly tarball no local data for picomatch@https://registry.npmjs.org/picomatch/-/picomatch-4.0.4.tgz. Extracting by manifest.
2818 silly tarball no local data for fdir@https://registry.npmjs.org/fdir/-/fdir-6.5.0.tgz. Extracting by manifest.
2819 silly tarball no local data for debug@https://registry.npmjs.org/debug/-/debug-3.2.7.tgz. Extracting by manifest.
2820 silly tarball no local data for glob-parent@https://registry.npmjs.org/glob-parent/-/glob-parent-5.1.2.tgz. Extracting by manifest.
2821 silly tarball no local data for semver@https://registry.npmjs.org/semver/-/semver-6.3.1.tgz. Extracting by manifest.
2822 silly tarball no local data for semver@https://registry.npmjs.org/semver/-/semver-6.3.1.tgz. Extracting by manifest.
2823 silly tarball no local data for debug@https://registry.npmjs.org/debug/-/debug-3.2.7.tgz. Extracting by manifest.
2824 silly tarball no local data for eslint-visitor-keys@https://registry.npmjs.org/eslint-visitor-keys/-/eslint-visitor-keys-3.4.3.tgz. Extracting by manifest.
2825 http fetch POST 200 https://registry.npmjs.org/-/npm/v1/security/advisories/bulk 289ms
2826 silly audit report {
2826 silly audit report   postcss: [
2826 silly audit report     {
2826 silly audit report       id: 1117015,
2826 silly audit report       url: 'https://github.com/advisories/GHSA-qx2v-qp2m-jg93',
2826 silly audit report       title: 'PostCSS has XSS via Unescaped </style> in its CSS Stringify Output',
2826 silly audit report       severity: 'moderate',
2826 silly audit report       vulnerable_versions: '<8.5.10',
2826 silly audit report       cwe: [Array],
2826 silly audit report       cvss: [Object]
2826 silly audit report     }
2826 silly audit report   ]
2826 silly audit report }
2827 silly packumentCache corgi:https://registry.npmjs.org/postcss cache-miss
2828 http fetch GET 200 https://registry.npmjs.org/async-function/-/async-function-1.0.0.tgz 228ms (cache miss)
2829 http fetch GET 200 https://registry.npmjs.org/is-boolean-object/-/is-boolean-object-1.2.2.tgz 227ms (cache miss)
2830 http fetch GET 200 https://registry.npmjs.org/is-finalizationregistry/-/is-finalizationregistry-1.1.1.tgz 227ms (cache miss)
2831 http fetch GET 200 https://registry.npmjs.org/is-async-function/-/is-async-function-2.1.1.tgz 227ms (cache miss)
2832 http fetch GET 200 https://registry.npmjs.org/is-weakset/-/is-weakset-2.0.4.tgz 233ms (cache miss)
2833 http fetch GET 200 https://registry.npmjs.org/generator-function/-/generator-function-2.0.1.tgz 233ms (cache miss)
2834 http cache https://registry.npmjs.org/postcss 53ms (cache hit)
2835 silly packumentCache corgi:https://registry.npmjs.org/postcss set size:343873 disposed:false
2836 silly packumentCache corgi:https://registry.npmjs.org/next cache-miss
2837 http fetch GET 200 https://registry.npmjs.org/escalade/-/escalade-3.2.0.tgz 243ms (cache miss)
2838 http fetch GET 200 https://registry.npmjs.org/which-boxed-primitive/-/which-boxed-primitive-1.1.1.tgz 245ms (cache miss)
2839 http fetch GET 200 https://registry.npmjs.org/napi-postinstall/-/napi-postinstall-0.3.4.tgz 247ms (cache miss)
2840 http fetch GET 200 https://registry.npmjs.org/has-bigints/-/has-bigints-1.1.0.tgz 249ms (cache miss)
2841 http fetch GET 200 https://registry.npmjs.org/punycode/-/punycode-2.3.1.tgz 255ms (cache miss)
2842 http cache https://registry.npmjs.org/next 77ms (cache hit)
2843 silly packumentCache corgi:https://registry.npmjs.org/next set size:24953692 disposed:false
2844 http fetch GET 200 https://registry.npmjs.org/which-collection/-/which-collection-1.0.2.tgz 751ms (cache miss)
2845 http fetch GET 200 https://registry.npmjs.org/is-weakmap/-/is-weakmap-2.0.2.tgz 773ms (cache miss)
2846 http fetch GET 200 https://registry.npmjs.org/is-generator-function/-/is-generator-function-1.1.2.tgz 782ms (cache miss)
2847 http fetch GET 200 https://registry.npmjs.org/is-map/-/is-map-2.0.3.tgz 785ms (cache miss)
2848 http fetch GET 200 https://registry.npmjs.org/@typescript-eslint/tsconfig-utils/-/tsconfig-utils-8.59.3.tgz 817ms (cache miss)
2849 http fetch GET 200 https://registry.npmjs.org/@typescript-eslint/project-service/-/project-service-8.59.3.tgz 825ms (cache miss)
2850 http fetch GET 200 https://registry.npmjs.org/@types/json5/-/json5-0.0.29.tgz 836ms (cache miss)
2851 http fetch GET 200 https://registry.npmjs.org/minimist/-/minimist-1.2.8.tgz 838ms (cache miss)
2852 http fetch GET 200 https://registry.npmjs.org/@typescript-eslint/visitor-keys/-/visitor-keys-8.59.3.tgz 846ms (cache miss)
2853 http fetch GET 200 https://registry.npmjs.org/has-flag/-/has-flag-4.0.0.tgz 844ms (cache miss)
2854 http fetch GET 200 https://registry.npmjs.org/for-each/-/for-each-0.3.5.tgz 855ms (cache miss)
2855 http fetch GET 200 https://registry.npmjs.org/strip-bom/-/strip-bom-3.0.0.tgz 863ms (cache miss)
2856 http fetch GET 200 https://registry.npmjs.org/ts-api-utils/-/ts-api-utils-2.5.0.tgz 875ms (cache miss)
2857 http fetch GET 200 https://registry.npmjs.org/side-channel-list/-/side-channel-list-1.0.1.tgz 887ms (cache miss)
2858 http fetch GET 200 https://registry.npmjs.org/path-parse/-/path-parse-1.0.7.tgz 887ms (cache miss)
2859 http fetch GET 200 https://registry.npmjs.org/isarray/-/isarray-2.0.5.tgz 896ms (cache miss)
2860 http fetch GET 200 https://registry.npmjs.org/side-channel-weakmap/-/side-channel-weakmap-1.0.2.tgz 904ms (cache miss)
2861 http fetch GET 200 https://registry.npmjs.org/shebang-regex/-/shebang-regex-3.0.0.tgz 905ms (cache miss)
2862 http fetch GET 200 https://registry.npmjs.org/is-number/-/is-number-7.0.0.tgz 906ms (cache miss)
2863 http fetch GET 200 https://registry.npmjs.org/side-channel-map/-/side-channel-map-1.0.1.tgz 906ms (cache miss)
2864 http fetch GET 200 https://registry.npmjs.org/react-is/-/react-is-16.13.1.tgz 904ms (cache miss)
2865 http fetch GET 200 https://registry.npmjs.org/is-bigint/-/is-bigint-1.1.0.tgz 921ms (cache miss)
2866 http fetch GET 200 https://registry.npmjs.org/object-assign/-/object-assign-4.1.1.tgz 912ms (cache miss)
2867 http fetch GET 200 https://registry.npmjs.org/node-exports-info/-/node-exports-info-1.6.0.tgz 921ms (cache miss)
2868 http fetch GET 200 https://registry.npmjs.org/callsites/-/callsites-3.1.0.tgz 920ms (cache miss)
2869 http fetch GET 200 https://registry.npmjs.org/yocto-queue/-/yocto-queue-0.1.0.tgz 920ms (cache miss)
2870 http fetch GET 200 https://registry.npmjs.org/@typescript-eslint/parser/-/parser-8.59.3.tgz 935ms (cache miss)
2871 http fetch GET 200 https://registry.npmjs.org/queue-microtask/-/queue-microtask-1.2.3.tgz 932ms (cache miss)
2872 http fetch GET 200 https://registry.npmjs.org/loose-envify/-/loose-envify-1.4.0.tgz 931ms (cache miss)
2873 http fetch GET 200 https://registry.npmjs.org/deep-is/-/deep-is-0.1.4.tgz 931ms (cache miss)
2874 http fetch GET 200 https://registry.npmjs.org/isexe/-/isexe-2.0.0.tgz 950ms (cache miss)
2875 http fetch GET 200 https://registry.npmjs.org/concat-map/-/concat-map-0.0.1.tgz 938ms (cache miss)
2876 http fetch GET 200 https://registry.npmjs.org/is-number-object/-/is-number-object-1.1.1.tgz 959ms (cache miss)
2877 http fetch GET 200 https://registry.npmjs.org/fill-range/-/fill-range-7.1.1.tgz 946ms (cache miss)
2878 http fetch GET 200 https://registry.npmjs.org/to-regex-range/-/to-regex-range-5.0.1.tgz 946ms (cache miss)
2879 http fetch GET 200 https://registry.npmjs.org/brace-expansion/-/brace-expansion-1.1.14.tgz 946ms (cache miss)
2880 http fetch GET 200 https://registry.npmjs.org/fast-levenshtein/-/fast-levenshtein-2.0.6.tgz 952ms (cache miss)
2881 http fetch GET 200 https://registry.npmjs.org/yallist/-/yallist-3.1.1.tgz 950ms (cache miss)
2882 http fetch GET 200 https://registry.npmjs.org/word-wrap/-/word-wrap-1.2.5.tgz 956ms (cache miss)
2883 http fetch GET 200 https://registry.npmjs.org/type-check/-/type-check-0.4.0.tgz 955ms (cache miss)
2884 http fetch GET 200 https://registry.npmjs.org/p-locate/-/p-locate-5.0.0.tgz 961ms (cache miss)
2885 http fetch GET 200 https://registry.npmjs.org/p-limit/-/p-limit-3.1.0.tgz 967ms (cache miss)
2886 http fetch GET 200 https://registry.npmjs.org/balanced-match/-/balanced-match-1.0.2.tgz 971ms (cache miss)
2887 http fetch GET 200 https://registry.npmjs.org/json-buffer/-/json-buffer-3.0.1.tgz 970ms (cache miss)
2888 http fetch GET 200 https://registry.npmjs.org/resolve-from/-/resolve-from-4.0.0.tgz 971ms (cache miss)
2889 http fetch GET 200 https://registry.npmjs.org/is-extglob/-/is-extglob-2.1.1.tgz 974ms (cache miss)
2890 http fetch GET 200 https://registry.npmjs.org/parent-module/-/parent-module-1.0.1.tgz 977ms (cache miss)
2891 http fetch GET 200 https://registry.npmjs.org/side-channel/-/side-channel-1.1.0.tgz 985ms (cache miss)
2892 http fetch GET 200 https://registry.npmjs.org/dunder-proto/-/dunder-proto-1.0.1.tgz 985ms (cache miss)
2893 http fetch GET 200 https://registry.npmjs.org/functions-have-names/-/functions-have-names-1.2.3.tgz 987ms (cache miss)
2894 http fetch GET 200 https://registry.npmjs.org/which-builtin-type/-/which-builtin-type-1.2.1.tgz 1002ms (cache miss)
2895 http fetch GET 200 https://registry.npmjs.org/run-parallel/-/run-parallel-1.2.0.tgz 1002ms (cache miss)
2896 http fetch GET 200 https://registry.npmjs.org/keyv/-/keyv-4.5.4.tgz 1005ms (cache miss)
2897 http fetch GET 200 https://registry.npmjs.org/argparse/-/argparse-2.0.1.tgz 1008ms (cache miss)
2898 http fetch GET 200 https://registry.npmjs.org/locate-path/-/locate-path-6.0.0.tgz 1005ms (cache miss)
2899 http fetch GET 200 https://registry.npmjs.org/reusify/-/reusify-1.1.0.tgz 1006ms (cache miss)
2900 http fetch GET 200 https://registry.npmjs.org/path-exists/-/path-exists-4.0.0.tgz 1010ms (cache miss)
2901 http fetch GET 200 https://registry.npmjs.org/merge2/-/merge2-1.4.1.tgz 1008ms (cache miss)
2902 http fetch GET 200 https://registry.npmjs.org/micromatch/-/micromatch-4.0.8.tgz 1009ms (cache miss)
2903 http fetch GET 200 https://registry.npmjs.org/flat-cache/-/flat-cache-4.0.1.tgz 1011ms (cache miss)
2904 http fetch GET 200 https://registry.npmjs.org/acorn-jsx/-/acorn-jsx-5.3.2.tgz 1014ms (cache miss)
2905 http fetch GET 200 https://registry.npmjs.org/@nodelib/fs.walk/-/fs.walk-1.2.8.tgz 1015ms (cache miss)
2906 http fetch GET 200 https://registry.npmjs.org/node-releases/-/node-releases-2.0.44.tgz 1019ms (cache miss)
2907 http fetch GET 200 https://registry.npmjs.org/@babel/helper-globals/-/helper-globals-7.28.0.tgz 1040ms (cache miss)
2908 http fetch GET 200 https://registry.npmjs.org/resolve-pkg-maps/-/resolve-pkg-maps-1.0.0.tgz 1052ms (cache miss)
2909 http fetch GET 200 https://registry.npmjs.org/jsesc/-/jsesc-3.1.0.tgz 1047ms (cache miss)
2910 http fetch GET 200 https://registry.npmjs.org/esrecurse/-/esrecurse-4.3.0.tgz 1049ms (cache miss)
2911 http fetch GET 200 https://registry.npmjs.org/@babel/helper-module-imports/-/helper-module-imports-7.28.6.tgz 1049ms (cache miss)
2912 http fetch GET 200 https://registry.npmjs.org/supports-preserve-symlinks-flag/-/supports-preserve-symlinks-flag-1.0.0.tgz 1066ms (cache miss)
2913 http fetch GET 200 https://registry.npmjs.org/js-tokens/-/js-tokens-4.0.0.tgz 1052ms (cache miss)
2914 http fetch GET 200 https://registry.npmjs.org/set-function-name/-/set-function-name-2.0.2.tgz 1075ms (cache miss)
2915 http fetch GET 200 https://registry.npmjs.org/lru-cache/-/lru-cache-5.1.1.tgz 1072ms (cache miss)
2916 http fetch GET 200 https://registry.npmjs.org/convert-source-map/-/convert-source-map-2.0.0.tgz 1073ms (cache miss)
2917 http fetch GET 200 https://registry.npmjs.org/picomatch/-/picomatch-2.3.2.tgz 1091ms (cache miss)
2918 http fetch GET 200 https://registry.npmjs.org/@typescript-eslint/types/-/types-8.59.3.tgz 1101ms (cache miss)
2919 http fetch GET 200 https://registry.npmjs.org/braces/-/braces-3.0.3.tgz 1093ms (cache miss)
2920 http fetch GET 200 https://registry.npmjs.org/update-browserslist-db/-/update-browserslist-db-1.2.3.tgz 1086ms (cache miss)
2921 http fetch GET 200 https://registry.npmjs.org/reflect.getprototypeof/-/reflect.getprototypeof-1.0.10.tgz 1119ms (cache miss)
2922 http fetch GET 200 https://registry.npmjs.org/gensync/-/gensync-1.0.0-beta.2.tgz 1110ms (cache miss)
2923 http fetch GET 200 https://registry.npmjs.org/prelude-ls/-/prelude-ls-1.2.1.tgz 1125ms (cache miss)
2924 http fetch GET 200 https://registry.npmjs.org/@emnapi/wasi-threads/-/wasi-threads-1.2.1.tgz 1159ms (cache miss)
2925 http fetch GET 200 https://registry.npmjs.org/@babel/code-frame/-/code-frame-7.29.0.tgz 1148ms (cache miss)
2926 http fetch GET 200 https://registry.npmjs.org/browserslist/-/browserslist-4.28.2.tgz 1153ms (cache miss)
2927 http fetch GET 200 https://registry.npmjs.org/@babel/helper-string-parser/-/helper-string-parser-7.27.1.tgz 1164ms (cache miss)
2928 http fetch GET 200 https://registry.npmjs.org/fastq/-/fastq-1.20.1.tgz 1178ms (cache miss)
2929 http fetch GET 200 https://registry.npmjs.org/@nodelib/fs.stat/-/fs.stat-2.0.5.tgz 1179ms (cache miss)
2930 http fetch GET 200 https://registry.npmjs.org/electron-to-chromium/-/electron-to-chromium-1.5.355.tgz 1186ms (cache miss)
2931 http fetch GET 200 https://registry.npmjs.org/string.prototype.repeat/-/string.prototype.repeat-1.0.0.tgz 1191ms (cache miss)
2932 http fetch GET 200 https://registry.npmjs.org/flatted/-/flatted-3.4.2.tgz 1204ms (cache miss)
2933 http fetch GET 200 https://registry.npmjs.org/string.prototype.matchall/-/string.prototype.matchall-4.0.12.tgz 1195ms (cache miss)
2934 http fetch GET 200 https://registry.npmjs.org/iterator.prototype/-/iterator.prototype-1.1.5.tgz 1227ms (cache miss)
2935 http fetch GET 200 https://registry.npmjs.org/hermes-estree/-/hermes-estree-0.25.1.tgz 1238ms (cache miss)
2936 http fetch GET 200 https://registry.npmjs.org/@babel/helper-validator-identifier/-/helper-validator-identifier-7.28.5.tgz 1239ms (cache miss)
2937 http fetch GET 200 https://registry.npmjs.org/@jridgewell/resolve-uri/-/resolve-uri-3.1.2.tgz 1248ms (cache miss)
2938 http fetch GET 200 https://registry.npmjs.org/@babel/compat-data/-/compat-data-7.29.3.tgz 1246ms (cache miss)
2939 http fetch GET 200 https://registry.npmjs.org/array.prototype.findlast/-/array.prototype.findlast-1.2.5.tgz 1267ms (cache miss)
2940 http fetch GET 200 https://registry.npmjs.org/language-tags/-/language-tags-1.0.9.tgz 1267ms (cache miss)
2941 http fetch GET 200 https://registry.npmjs.org/array.prototype.tosorted/-/array.prototype.tosorted-1.1.4.tgz 1268ms (cache miss)
2942 http fetch GET 200 https://registry.npmjs.org/acorn/-/acorn-8.16.0.tgz 1277ms (cache miss)
2943 http fetch GET 200 https://registry.npmjs.org/estraverse/-/estraverse-5.3.0.tgz 1281ms (cache miss)
2944 http fetch GET 200 https://registry.npmjs.org/@jridgewell/remapping/-/remapping-2.3.5.tgz 1292ms (cache miss)
2945 http fetch GET 200 https://registry.npmjs.org/@babel/helper-validator-option/-/helper-validator-option-7.27.1.tgz 1296ms (cache miss)
2946 http fetch GET 200 https://registry.npmjs.org/damerau-levenshtein/-/damerau-levenshtein-1.0.8.tgz 1302ms (cache miss)
2947 http fetch GET 200 https://registry.npmjs.org/ast-types-flow/-/ast-types-flow-0.0.8.tgz 1313ms (cache miss)
2948 http fetch GET 200 https://registry.npmjs.org/@babel/helper-compilation-targets/-/helper-compilation-targets-7.28.6.tgz 1329ms (cache miss)
2949 http fetch GET 200 https://registry.npmjs.org/has-tostringtag/-/has-tostringtag-1.0.2.tgz 1338ms (cache miss)
2950 http fetch GET 200 https://registry.npmjs.org/is-date-object/-/is-date-object-1.1.0.tgz 1339ms (cache miss)
2951 http fetch GET 200 https://registry.npmjs.org/is-symbol/-/is-symbol-1.1.1.tgz 1339ms (cache miss)
2952 http fetch GET 200 https://registry.npmjs.org/which-typed-array/-/which-typed-array-1.1.20.tgz 1344ms (cache miss)
2953 http fetch GET 200 https://registry.npmjs.org/@babel/template/-/template-7.28.6.tgz 1357ms (cache miss)
2954 http fetch GET 200 https://registry.npmjs.org/unbox-primitive/-/unbox-primitive-1.1.0.tgz 1356ms (cache miss)
2955 http fetch GET 200 https://registry.npmjs.org/typed-array-byte-offset/-/typed-array-byte-offset-1.0.4.tgz 1356ms (cache miss)
2956 http fetch GET 200 https://registry.npmjs.org/@babel/helper-module-transforms/-/helper-module-transforms-7.28.6.tgz 1371ms (cache miss)
2957 http fetch GET 200 https://registry.npmjs.org/typed-array-buffer/-/typed-array-buffer-1.0.3.tgz 1385ms (cache miss)
2958 http fetch GET 200 https://registry.npmjs.org/stop-iteration-iterator/-/stop-iteration-iterator-1.1.0.tgz 1399ms (cache miss)
2959 http fetch GET 200 https://registry.npmjs.org/zod-validation-error/-/zod-validation-error-4.0.2.tgz 1411ms (cache miss)
2960 http fetch GET 200 https://registry.npmjs.org/safe-regex-test/-/safe-regex-test-1.1.0.tgz 1404ms (cache miss)
2961 http fetch GET 200 https://registry.npmjs.org/set-proto/-/set-proto-1.0.0.tgz 1414ms (cache miss)
2962 http fetch GET 200 https://registry.npmjs.org/prop-types/-/prop-types-15.8.1.tgz 1430ms (cache miss)
2963 http fetch GET 200 https://registry.npmjs.org/json5/-/json5-2.2.3.tgz 1442ms (cache miss)
2964 http fetch GET 200 https://registry.npmjs.org/regexp.prototype.flags/-/regexp.prototype.flags-1.5.4.tgz 1433ms (cache miss)
2965 http fetch GET 200 https://registry.npmjs.org/own-keys/-/own-keys-1.0.1.tgz 1442ms (cache miss)
2966 http fetch GET 200 https://registry.npmjs.org/is-weakref/-/is-weakref-1.1.1.tgz 1469ms (cache miss)
2967 http fetch GET 200 https://registry.npmjs.org/is-set/-/is-set-2.0.3.tgz 1469ms (cache miss)
2968 http fetch GET 200 https://registry.npmjs.org/is-shared-array-buffer/-/is-shared-array-buffer-1.0.4.tgz 1469ms (cache miss)
2969 http fetch GET 200 https://registry.npmjs.org/is-typed-array/-/is-typed-array-1.1.15.tgz 1485ms (cache miss)
2970 http fetch GET 200 https://registry.npmjs.org/is-array-buffer/-/is-array-buffer-3.0.5.tgz 1484ms (cache miss)
2971 http fetch GET 200 https://registry.npmjs.org/is-data-view/-/is-data-view-1.0.2.tgz 1496ms (cache miss)
2972 http fetch GET 200 https://registry.npmjs.org/function.prototype.name/-/function.prototype.name-1.1.8.tgz 1503ms (cache miss)
2973 http fetch GET 200 https://registry.npmjs.org/globalthis/-/globalthis-1.0.4.tgz 1507ms (cache miss)
2974 http fetch GET 200 https://registry.npmjs.org/get-symbol-description/-/get-symbol-description-1.1.0.tgz 1519ms (cache miss)
2975 http fetch GET 200 https://registry.npmjs.org/es-set-tostringtag/-/es-set-tostringtag-2.1.0.tgz 1523ms (cache miss)
2976 http fetch GET 200 https://registry.npmjs.org/data-view-byte-offset/-/data-view-byte-offset-1.0.1.tgz 1524ms (cache miss)
2977 http fetch GET 200 https://registry.npmjs.org/get-proto/-/get-proto-1.0.1.tgz 1527ms (cache miss)
2978 http fetch GET 200 https://registry.npmjs.org/available-typed-arrays/-/available-typed-arrays-1.0.7.tgz 1542ms (cache miss)
2979 http fetch GET 200 https://registry.npmjs.org/arraybuffer.prototype.slice/-/arraybuffer.prototype.slice-1.0.4.tgz 1549ms (cache miss)
2980 http fetch GET 200 https://registry.npmjs.org/gopd/-/gopd-1.2.0.tgz 1549ms (cache miss)
2981 http fetch GET 200 https://registry.npmjs.org/es-to-primitive/-/es-to-primitive-1.3.0.tgz 1554ms (cache miss)
2982 http fetch GET 200 https://registry.npmjs.org/function-bind/-/function-bind-1.1.2.tgz 1557ms (cache miss)
2983 http fetch GET 200 https://registry.npmjs.org/set-function-length/-/set-function-length-1.2.2.tgz 1557ms (cache miss)
2984 http fetch GET 200 https://registry.npmjs.org/possible-typed-array-names/-/possible-typed-array-names-1.1.0.tgz 1571ms (cache miss)
2985 http fetch GET 200 https://registry.npmjs.org/@jridgewell/sourcemap-codec/-/sourcemap-codec-1.5.5.tgz 1590ms (cache miss)
2986 http fetch GET 200 https://registry.npmjs.org/array-buffer-byte-length/-/array-buffer-byte-length-1.0.2.tgz 1571ms (cache miss)
2987 http fetch GET 200 https://registry.npmjs.org/es-define-property/-/es-define-property-1.0.1.tgz 1569ms (cache miss)
2988 http fetch GET 200 https://registry.npmjs.org/es-shim-unscopables/-/es-shim-unscopables-1.1.0.tgz 1570ms (cache miss)
2989 http fetch GET 200 https://registry.npmjs.org/es-errors/-/es-errors-1.3.0.tgz 1570ms (cache miss)
2990 http fetch GET 200 https://registry.npmjs.org/object-keys/-/object-keys-1.1.1.tgz 1577ms (cache miss)
2991 http fetch GET 200 https://registry.npmjs.org/has-property-descriptors/-/has-property-descriptors-1.0.2.tgz 1583ms (cache miss)
2992 http fetch GET 200 https://registry.npmjs.org/is-string/-/is-string-1.1.1.tgz 1585ms (cache miss)
2993 http fetch GET 200 https://registry.npmjs.org/@emnapi/core/-/core-1.10.0.tgz 1631ms (cache miss)
2994 http fetch GET 200 https://registry.npmjs.org/es-object-atoms/-/es-object-atoms-1.1.1.tgz 1593ms (cache miss)
2995 http fetch GET 200 https://registry.npmjs.org/@unrs/resolver-binding-win32-x64-msvc/-/resolver-binding-win32-x64-msvc-1.11.1.tgz 1638ms (cache miss)
2996 http fetch GET 200 https://registry.npmjs.org/call-bound/-/call-bound-1.0.4.tgz 1599ms (cache miss)
2997 http fetch GET 200 https://registry.npmjs.org/get-intrinsic/-/get-intrinsic-1.3.0.tgz 1659ms (cache miss)
2998 http fetch GET 200 https://registry.npmjs.org/define-properties/-/define-properties-1.2.1.tgz 1670ms (cache miss)
2999 http fetch GET 200 https://registry.npmjs.org/object.groupby/-/object.groupby-1.0.3.tgz 1668ms (cache miss)
3000 http fetch GET 200 https://registry.npmjs.org/@nodelib/fs.scandir/-/fs.scandir-2.1.5.tgz 1698ms (cache miss)
3001 http fetch GET 200 https://registry.npmjs.org/typed-array-length/-/typed-array-length-1.0.7.tgz 1685ms (cache miss)
3002 http fetch GET 200 https://registry.npmjs.org/object.entries/-/object.entries-1.1.9.tgz 1690ms (cache miss)
3003 http fetch GET 200 https://registry.npmjs.org/hasown/-/hasown-2.0.3.tgz 1681ms (cache miss)
3004 http fetch GET 200 https://registry.npmjs.org/typed-array-byte-length/-/typed-array-byte-length-1.0.3.tgz 1698ms (cache miss)
3005 http fetch GET 200 https://registry.npmjs.org/array.prototype.flat/-/array.prototype.flat-1.3.3.tgz 1688ms (cache miss)
3006 http fetch GET 200 https://registry.npmjs.org/array.prototype.findlastindex/-/array.prototype.findlastindex-1.2.6.tgz 1694ms (cache miss)
3007 http fetch GET 200 https://registry.npmjs.org/@rtsao/scc/-/scc-1.1.0.tgz 1698ms (cache miss)
3008 http fetch GET 200 https://registry.npmjs.org/object.fromentries/-/object.fromentries-2.0.8.tgz 1701ms (cache miss)
3009 http fetch GET 200 https://registry.npmjs.org/stable-hash/-/stable-hash-0.0.5.tgz 1705ms (cache miss)
3010 http fetch GET 200 https://registry.npmjs.org/tinyglobby/-/tinyglobby-0.2.16.tgz 1707ms (cache miss)
3011 http fetch GET 200 https://registry.npmjs.org/is-bun-module/-/is-bun-module-2.0.0.tgz 1707ms (cache miss)
3012 http fetch GET 200 https://registry.npmjs.org/supports-color/-/supports-color-7.2.0.tgz 1725ms (cache miss)
3013 http fetch GET 200 https://registry.npmjs.org/color-name/-/color-name-1.1.4.tgz 1726ms (cache miss)
3014 http fetch GET 200 https://registry.npmjs.org/ansi-styles/-/ansi-styles-4.3.0.tgz 1734ms (cache miss)
3015 http fetch GET 200 https://registry.npmjs.org/strip-json-comments/-/strip-json-comments-3.1.1.tgz 1735ms (cache miss)
3016 http fetch GET 200 https://registry.npmjs.org/import-fresh/-/import-fresh-3.3.1.tgz 1742ms (cache miss)
3017 http fetch GET 200 https://registry.npmjs.org/safe-push-apply/-/safe-push-apply-1.0.0.tgz 1772ms (cache miss)
3018 http fetch GET 200 https://registry.npmjs.org/unrs-resolver/-/unrs-resolver-1.11.1.tgz 1759ms (cache miss)
3019 http fetch GET 200 https://registry.npmjs.org/lodash.merge/-/lodash.merge-4.6.2.tgz 1759ms (cache miss)
3020 http fetch GET 200 https://registry.npmjs.org/@types/json-schema/-/json-schema-7.0.15.tgz 1760ms (cache miss)
3021 http fetch GET 200 https://registry.npmjs.org/emoji-regex/-/emoji-regex-9.2.2.tgz 1783ms (cache miss)
3022 http fetch GET 200 https://registry.npmjs.org/safe-array-concat/-/safe-array-concat-1.1.4.tgz 1779ms (cache miss)
3023 http fetch GET 200 https://registry.npmjs.org/@types/estree/-/estree-1.0.9.tgz 1768ms (cache miss)
3024 http fetch GET 200 https://registry.npmjs.org/minimatch/-/minimatch-3.1.5.tgz 1777ms (cache miss)
3025 http fetch GET 200 https://registry.npmjs.org/@eslint/js/-/js-9.39.4.tgz 1785ms (cache miss)
3026 http fetch GET 200 https://registry.npmjs.org/typescript-eslint/-/typescript-eslint-8.59.3.tgz 1789ms (cache miss)
3027 http fetch GET 200 https://registry.npmjs.org/is-callable/-/is-callable-1.2.7.tgz 1817ms (cache miss)
3028 http fetch GET 200 https://registry.npmjs.org/@eslint/config-helpers/-/config-helpers-0.4.2.tgz 1800ms (cache miss)
3029 http fetch GET 200 https://registry.npmjs.org/is-regex/-/is-regex-1.2.1.tgz 1837ms (cache miss)
3030 http fetch GET 200 https://registry.npmjs.org/ms/-/ms-2.1.3.tgz 1820ms (cache miss)
3031 http fetch GET 200 https://registry.npmjs.org/which/-/which-2.0.2.tgz 1827ms (cache miss)
3032 http fetch GET 200 https://registry.npmjs.org/eslint-import-resolver-node/-/eslint-import-resolver-node-0.3.10.tgz 1838ms (cache miss)
3033 http fetch GET 200 https://registry.npmjs.org/shebang-command/-/shebang-command-2.0.0.tgz 1840ms (cache miss)
3034 http fetch GET 200 https://registry.npmjs.org/@jridgewell/gen-mapping/-/gen-mapping-0.3.13.tgz 1876ms (cache miss)
3035 http fetch GET 200 https://registry.npmjs.org/path-key/-/path-key-3.1.1.tgz 1844ms (cache miss)
3036 http fetch GET 200 https://registry.npmjs.org/color-convert/-/color-convert-2.0.1.tgz 1863ms (cache miss)
3037 http fetch GET 200 https://registry.npmjs.org/data-view-byte-length/-/data-view-byte-length-1.0.2.tgz 1894ms (cache miss)
3038 http fetch GET 200 https://registry.npmjs.org/data-view-buffer/-/data-view-buffer-1.0.2.tgz 1894ms (cache miss)
3039 http fetch GET 200 https://registry.npmjs.org/is-negative-zero/-/is-negative-zero-2.0.3.tgz 1902ms (cache miss)
3040 http fetch GET 200 https://registry.npmjs.org/json-schema-traverse/-/json-schema-traverse-0.4.1.tgz 1882ms (cache miss)
3041 http fetch GET 200 https://registry.npmjs.org/@nolyfill/is-core-module/-/is-core-module-1.0.39.tgz 1908ms (cache miss)
3042 http fetch GET 200 https://registry.npmjs.org/string.prototype.includes/-/string.prototype.includes-2.0.1.tgz 1930ms (cache miss)
3043 http fetch GET 200 https://registry.npmjs.org/chalk/-/chalk-4.1.2.tgz 1910ms (cache miss)
3044 http fetch GET 200 https://registry.npmjs.org/levn/-/levn-0.4.1.tgz 1906ms (cache miss)
3045 http fetch GET 200 https://registry.npmjs.org/internal-slot/-/internal-slot-1.1.0.tgz 1930ms (cache miss)
3046 http fetch GET 200 https://registry.npmjs.org/define-data-property/-/define-data-property-1.1.4.tgz 1926ms (cache miss)
3047 http fetch GET 200 https://registry.npmjs.org/ignore/-/ignore-5.3.2.tgz 1921ms (cache miss)
3048 http fetch GET 200 https://registry.npmjs.org/is-glob/-/is-glob-4.0.3.tgz 1925ms (cache miss)
3049 http fetch GET 200 https://registry.npmjs.org/@humanfs/types/-/types-0.15.0.tgz 1931ms (cache miss)
3050 http fetch GET 200 https://registry.npmjs.org/language-subtag-registry/-/language-subtag-registry-0.3.23.tgz 1980ms (cache miss)
3051 http fetch GET 200 https://registry.npmjs.org/string.prototype.trim/-/string.prototype.trim-1.2.10.tgz 1962ms (cache miss)
3052 http fetch GET 200 https://registry.npmjs.org/string.prototype.trimstart/-/string.prototype.trimstart-1.0.8.tgz 1962ms (cache miss)
3053 http fetch GET 200 https://registry.npmjs.org/find-up/-/find-up-5.0.0.tgz 1934ms (cache miss)
3054 http fetch GET 200 https://registry.npmjs.org/glob-parent/-/glob-parent-6.0.2.tgz 1934ms (cache miss)
3055 http fetch GET 200 https://registry.npmjs.org/is-core-module/-/is-core-module-2.16.2.tgz 1949ms (cache miss)
3056 http fetch GET 200 https://registry.npmjs.org/doctrine/-/doctrine-2.1.0.tgz 1958ms (cache miss)
3057 http fetch GET 200 https://registry.npmjs.org/@eslint/core/-/core-0.17.0.tgz 1953ms (cache miss)
3058 http fetch GET 200 https://registry.npmjs.org/natural-compare/-/natural-compare-1.4.0.tgz 1950ms (cache miss)
3059 http fetch GET 200 https://registry.npmjs.org/fast-deep-equal/-/fast-deep-equal-3.1.3.tgz 1949ms (cache miss)
3060 http fetch GET 200 https://registry.npmjs.org/imurmurhash/-/imurmurhash-0.1.4.tgz 1951ms (cache miss)
3061 http fetch GET 200 https://registry.npmjs.org/file-entry-cache/-/file-entry-cache-8.0.0.tgz 1951ms (cache miss)
3062 http fetch GET 200 https://registry.npmjs.org/@tybys/wasm-util/-/wasm-util-0.10.2.tgz 2026ms (cache miss)
3063 http fetch GET 200 https://registry.npmjs.org/escape-string-regexp/-/escape-string-regexp-4.0.0.tgz 1966ms (cache miss)
3064 http fetch GET 200 https://registry.npmjs.org/get-tsconfig/-/get-tsconfig-4.14.0.tgz 1981ms (cache miss)
3065 http fetch GET 200 https://registry.npmjs.org/call-bind/-/call-bind-1.0.9.tgz 1987ms (cache miss)
3066 http fetch GET 200 https://registry.npmjs.org/@humanfs/node/-/node-0.16.8.tgz 1970ms (cache miss)
3067 http fetch GET 200 https://registry.npmjs.org/globals/-/globals-16.4.0.tgz 1979ms (cache miss)
3068 http fetch GET 200 https://registry.npmjs.org/@humanwhocodes/module-importer/-/module-importer-1.0.1.tgz 1981ms (cache miss)
3069 http fetch GET 200 https://registry.npmjs.org/cross-spawn/-/cross-spawn-7.0.6.tgz 1983ms (cache miss)
3070 http fetch GET 200 https://registry.npmjs.org/eslint-import-resolver-typescript/-/eslint-import-resolver-typescript-3.10.1.tgz 1990ms (cache miss)
3071 http fetch GET 200 https://registry.npmjs.org/eslint-visitor-keys/-/eslint-visitor-keys-4.2.1.tgz 1994ms (cache miss)
3072 http fetch GET 200 https://registry.npmjs.org/has-proto/-/has-proto-1.2.0.tgz 2029ms (cache miss)
3073 http fetch GET 200 https://registry.npmjs.org/eslint-visitor-keys/-/eslint-visitor-keys-5.0.1.tgz 2010ms (cache miss)
3074 http fetch GET 200 https://registry.npmjs.org/@eslint/object-schema/-/object-schema-2.1.7.tgz 2036ms (cache miss)
3075 http fetch GET 200 https://registry.npmjs.org/@typescript-eslint/type-utils/-/type-utils-8.59.3.tgz 2084ms (cache miss)
3076 http fetch GET 200 https://registry.npmjs.org/has-symbols/-/has-symbols-1.1.0.tgz 2057ms (cache miss)
3077 http fetch GET 200 https://registry.npmjs.org/optionator/-/optionator-0.9.4.tgz 2038ms (cache miss)
3078 http fetch GET 200 https://registry.npmjs.org/espree/-/espree-10.4.0.tgz 2046ms (cache miss)
3079 http fetch GET 200 https://registry.npmjs.org/balanced-match/-/balanced-match-4.0.4.tgz 2037ms (cache miss)
3080 http fetch GET 200 https://registry.npmjs.org/debug/-/debug-4.4.3.tgz 2049ms (cache miss)
3081 http fetch GET 200 https://registry.npmjs.org/esutils/-/esutils-2.0.3.tgz 2065ms (cache miss)
3082 http fetch GET 200 https://registry.npmjs.org/string.prototype.trimend/-/string.prototype.trimend-1.0.9.tgz 2088ms (cache miss)
3083 http fetch GET 200 https://registry.npmjs.org/fdir/-/fdir-6.5.0.tgz 2089ms (cache miss)
3084 http fetch GET 200 https://registry.npmjs.org/object.values/-/object.values-1.2.1.tgz 2111ms (cache miss)
3085 http fetch GET 200 https://registry.npmjs.org/ignore/-/ignore-7.0.5.tgz 2094ms (cache miss)
3086 http fetch GET 200 https://registry.npmjs.org/semver/-/semver-6.3.1.tgz 2101ms (cache miss)
3087 http fetch GET 200 https://registry.npmjs.org/@humanwhocodes/retry/-/retry-0.4.3.tgz 2110ms (cache miss)
3088 http fetch GET 200 https://registry.npmjs.org/object.assign/-/object.assign-4.1.7.tgz 2137ms (cache miss)
3089 http fetch GET 200 https://registry.npmjs.org/glob-parent/-/glob-parent-5.1.2.tgz 2106ms (cache miss)
3090 http fetch GET 200 https://registry.npmjs.org/eslint-visitor-keys/-/eslint-visitor-keys-3.4.3.tgz 2111ms (cache miss)
3091 http fetch GET 200 https://registry.npmjs.org/eslint-config-next/-/eslint-config-next-16.2.6.tgz 2120ms (cache miss)
3092 http fetch GET 200 https://registry.npmjs.org/array-includes/-/array-includes-3.1.9.tgz 2136ms (cache miss)
3093 http fetch GET 200 https://registry.npmjs.org/array.prototype.flatmap/-/array.prototype.flatmap-1.3.3.tgz 2148ms (cache miss)
3094 http fetch GET 200 https://registry.npmjs.org/@types/react-dom/-/react-dom-19.2.3.tgz 2138ms (cache miss)
3095 http fetch GET 200 https://registry.npmjs.org/semver/-/semver-6.3.1.tgz 2135ms (cache miss)
3096 http fetch GET 200 https://registry.npmjs.org/semver/-/semver-6.3.1.tgz 2140ms (cache miss)
3097 http fetch GET 200 https://registry.npmjs.org/@humanfs/core/-/core-0.19.2.tgz 2149ms (cache miss)
3098 http fetch GET 200 https://registry.npmjs.org/eslint-scope/-/eslint-scope-8.4.0.tgz 2160ms (cache miss)
3099 http fetch GET 200 https://registry.npmjs.org/globals/-/globals-14.0.0.tgz 2152ms (cache miss)
3100 http fetch GET 200 https://registry.npmjs.org/call-bind-apply-helpers/-/call-bind-apply-helpers-1.0.2.tgz 2184ms (cache miss)
3101 http fetch GET 200 https://registry.npmjs.org/semver/-/semver-6.3.1.tgz 2166ms (cache miss)
3102 http fetch GET 200 https://registry.npmjs.org/semver/-/semver-6.3.1.tgz 2174ms (cache miss)
3103 http fetch GET 200 https://registry.npmjs.org/debug/-/debug-3.2.7.tgz 2180ms (cache miss)
3104 http fetch GET 200 https://registry.npmjs.org/json-stable-stringify-without-jsonify/-/json-stable-stringify-without-jsonify-1.0.1.tgz 2200ms (cache miss)
3105 http fetch GET 200 https://registry.npmjs.org/debug/-/debug-3.2.7.tgz 2196ms (cache miss)
3106 http fetch GET 200 https://registry.npmjs.org/debug/-/debug-3.2.7.tgz 2202ms (cache miss)
3107 http fetch GET 200 https://registry.npmjs.org/@eslint-community/regexpp/-/regexpp-4.12.2.tgz 2212ms (cache miss)
3108 http fetch GET 200 https://registry.npmjs.org/picomatch/-/picomatch-4.0.4.tgz 2210ms (cache miss)
3109 http fetch GET 200 https://registry.npmjs.org/fast-json-stable-stringify/-/fast-json-stable-stringify-2.1.0.tgz 2222ms (cache miss)
3110 http fetch GET 200 https://registry.npmjs.org/json5/-/json5-1.0.2.tgz 2220ms (cache miss)
3111 http fetch GET 200 https://registry.npmjs.org/brace-expansion/-/brace-expansion-5.0.6.tgz 2221ms (cache miss)
3112 http fetch GET 200 https://registry.npmjs.org/@eslint/config-array/-/config-array-0.21.2.tgz 2238ms (cache miss)
3113 http fetch GET 200 https://registry.npmjs.org/@eslint-community/eslint-utils/-/eslint-utils-4.9.1.tgz 2238ms (cache miss)
3114 http fetch GET 200 https://registry.npmjs.org/@babel/parser/-/parser-7.29.3.tgz 2276ms (cache miss)
3115 http fetch GET 200 https://registry.npmjs.org/@eslint/plugin-kit/-/plugin-kit-0.4.1.tgz 2263ms (cache miss)
3116 http fetch GET 200 https://registry.npmjs.org/@jridgewell/trace-mapping/-/trace-mapping-0.3.31.tgz 2301ms (cache miss)
3117 http fetch GET 200 https://registry.npmjs.org/object-inspect/-/object-inspect-1.13.4.tgz 2317ms (cache miss)
3118 http fetch GET 200 https://registry.npmjs.org/csstype/-/csstype-3.2.3.tgz 2299ms (cache miss)
3119 http fetch GET 200 https://registry.npmjs.org/@types/react/-/react-19.2.14.tgz 2298ms (cache miss)
3120 http fetch GET 200 https://registry.npmjs.org/@babel/generator/-/generator-7.29.1.tgz 2340ms (cache miss)
3121 http fetch GET 200 https://registry.npmjs.org/eslint-module-utils/-/eslint-module-utils-2.12.1.tgz 2329ms (cache miss)
3122 http fetch GET 200 https://registry.npmjs.org/math-intrinsics/-/math-intrinsics-1.1.0.tgz 2357ms (cache miss)
3123 http fetch GET 200 https://registry.npmjs.org/esquery/-/esquery-1.7.0.tgz 2350ms (cache miss)
3124 http fetch GET 200 https://registry.npmjs.org/js-yaml/-/js-yaml-4.1.1.tgz 2398ms (cache miss)
3125 http fetch GET 200 https://registry.npmjs.org/@eslint/eslintrc/-/eslintrc-3.3.5.tgz 2424ms (cache miss)
3126 http fetch GET 200 https://registry.npmjs.org/hermes-parser/-/hermes-parser-0.25.1.tgz 2469ms (cache miss)
3127 http fetch GET 200 https://registry.npmjs.org/@typescript-eslint/utils/-/utils-8.59.3.tgz 2511ms (cache miss)
3128 http fetch GET 200 https://registry.npmjs.org/@babel/traverse/-/traverse-7.29.0.tgz 2499ms (cache miss)
3129 http fetch GET 200 https://registry.npmjs.org/undici-types/-/undici-types-7.24.6.tgz 2488ms (cache miss)
3130 http fetch GET 200 https://registry.npmjs.org/uri-js/-/uri-js-4.4.1.tgz 2510ms (cache miss)
3131 http fetch GET 200 https://registry.npmjs.org/fast-glob/-/fast-glob-3.3.1.tgz 2537ms (cache miss)
3132 http fetch GET 200 https://registry.npmjs.org/@next/eslint-plugin-next/-/eslint-plugin-next-16.2.6.tgz 2536ms (cache miss)
3133 http fetch GET 200 https://registry.npmjs.org/@typescript-eslint/typescript-estree/-/typescript-estree-8.59.3.tgz 2594ms (cache miss)
3134 http fetch GET 200 https://registry.npmjs.org/axe-core/-/axe-core-4.11.4.tgz 2609ms (cache miss)
3135 http fetch GET 200 https://registry.npmjs.org/minimatch/-/minimatch-10.2.5.tgz 2581ms (cache miss)
3136 http fetch GET 200 https://registry.npmjs.org/eslint-plugin-react-hooks/-/eslint-plugin-react-hooks-7.1.1.tgz 2593ms (cache miss)
3137 http fetch GET 200 https://registry.npmjs.org/tsconfig-paths/-/tsconfig-paths-3.15.0.tgz 2649ms (cache miss)
3138 http fetch GET 200 https://registry.npmjs.org/@napi-rs/wasm-runtime/-/wasm-runtime-0.2.12.tgz 2707ms (cache miss)
3139 http fetch GET 200 https://registry.npmjs.org/jsx-ast-utils/-/jsx-ast-utils-3.3.5.tgz 2748ms (cache miss)
3140 http fetch GET 200 https://registry.npmjs.org/ajv/-/ajv-6.15.0.tgz 2791ms (cache miss)
3141 http fetch GET 200 https://registry.npmjs.org/axobject-query/-/axobject-query-4.1.0.tgz 2851ms (cache miss)
3142 http fetch GET 200 https://registry.npmjs.org/@babel/core/-/core-7.29.0.tgz 2869ms (cache miss)
3143 http fetch GET 200 https://registry.npmjs.org/resolve/-/resolve-2.0.0-next.6.tgz 2868ms (cache miss)
3144 http fetch GET 200 https://registry.npmjs.org/es-iterator-helpers/-/es-iterator-helpers-1.3.2.tgz 2897ms (cache miss)
3145 http fetch GET 200 https://registry.npmjs.org/@types/node/-/node-25.8.0.tgz 2884ms (cache miss)
3146 http fetch GET 200 https://registry.npmjs.org/aria-query/-/aria-query-5.3.2.tgz 2952ms (cache miss)
3147 http fetch GET 200 https://registry.npmjs.org/eslint-plugin-import/-/eslint-plugin-import-2.32.0.tgz 2956ms (cache miss)
3148 http fetch GET 200 https://registry.npmjs.org/@babel/types/-/types-7.29.0.tgz 3100ms (cache miss)
3149 http fetch GET 200 https://registry.npmjs.org/@babel/helpers/-/helpers-7.29.2.tgz 3164ms (cache miss)
3150 http fetch GET 200 https://registry.npmjs.org/eslint-plugin-jsx-a11y/-/eslint-plugin-jsx-a11y-6.10.2.tgz 3146ms (cache miss)
3151 http fetch GET 200 https://registry.npmjs.org/@typescript-eslint/scope-manager/-/scope-manager-8.59.3.tgz 3328ms (cache miss)
3152 http fetch GET 200 https://registry.npmjs.org/eslint-plugin-react/-/eslint-plugin-react-7.37.5.tgz 3425ms (cache miss)
3153 http fetch GET 200 https://registry.npmjs.org/@typescript-eslint/eslint-plugin/-/eslint-plugin-8.59.3.tgz 3548ms (cache miss)
3154 http fetch GET 200 https://registry.npmjs.org/typescript/-/typescript-6.0.3.tgz 3515ms (cache miss)
3155 http fetch GET 200 https://registry.npmjs.org/eslint/-/eslint-9.39.4.tgz 3531ms (cache miss)
3156 http fetch GET 200 https://registry.npmjs.org/zod/-/zod-4.4.3.tgz 3850ms (cache miss)
3157 http fetch GET 200 https://registry.npmjs.org/es-abstract/-/es-abstract-1.24.2.tgz 5218ms (cache miss)
3158 info run unrs-resolver@1.11.1 postinstall node_modules/unrs-resolver napi-postinstall unrs-resolver 1.11.1 check
3159 info run unrs-resolver@1.11.1 postinstall { code: 0, signal: null }
3160 silly ADD node_modules/is-weakset
3161 silly ADD node_modules/is-weakmap
3162 silly ADD node_modules/is-map
3163 silly ADD node_modules/generator-function
3164 silly ADD node_modules/async-function
3165 silly ADD node_modules/which-collection
3166 silly ADD node_modules/is-generator-function
3167 silly ADD node_modules/is-finalizationregistry
3168 silly ADD node_modules/is-async-function
3169 silly ADD node_modules/is-number-object
3170 silly ADD node_modules/is-boolean-object
3171 silly ADD node_modules/is-bigint
3172 silly ADD node_modules/isexe
3173 silly ADD node_modules/punycode
3174 silly ADD node_modules/escalade
3175 silly ADD
3176 silly ADD
3177 silly ADD
3178 silly ADD
3179 silly ADD node_modules/napi-postinstall
3180 silly ADD node_modules/@unrs/resolver-binding-win32-x64-msvc
3181 silly ADD
3182 silly ADD
3183 silly ADD
3184 silly ADD
3185 silly ADD
3186 silly ADD
3187 silly ADD
3188 silly ADD
3189 silly ADD
3190 silly ADD
3191 silly ADD
3192 silly ADD
3193 silly ADD
3194 silly ADD
3195 silly ADD
3196 silly ADD
3197 silly ADD
3198 silly ADD
3199 silly ADD node_modules/which-boxed-primitive
3200 silly ADD node_modules/has-bigints
3201 silly ADD node_modules/@typescript-eslint/tsconfig-utils
3202 silly ADD node_modules/@typescript-eslint/project-service
3203 silly ADD node_modules/@typescript-eslint/types
3204 silly ADD node_modules/ts-api-utils
3205 silly ADD node_modules/@typescript-eslint/visitor-keys
3206 silly ADD node_modules/@typescript-eslint/visitor-keys/node_modules/eslint-visitor-keys
3207 silly ADD node_modules/@typescript-eslint/type-utils
3208 silly ADD node_modules/@typescript-eslint/scope-manager
3209 silly ADD node_modules/@typescript-eslint/utils
3210 silly ADD node_modules/@typescript-eslint/typescript-estree
3211 silly ADD node_modules/@typescript-eslint/typescript-estree/node_modules/balanced-match
3212 silly ADD node_modules/@typescript-eslint/typescript-estree/node_modules/brace-expansion
3213 silly ADD node_modules/@typescript-eslint/typescript-estree/node_modules/minimatch
3214 silly ADD node_modules/@typescript-eslint/parser
3215 silly ADD node_modules/@typescript-eslint/eslint-plugin
3216 silly ADD node_modules/@typescript-eslint/eslint-plugin/node_modules/ignore
3217 silly ADD node_modules/which-builtin-type
3218 silly ADD node_modules/reflect.getprototypeof
3219 silly ADD node_modules/for-each
3220 silly ADD node_modules/strip-bom
3221 silly ADD node_modules/minimist
3222 silly ADD node_modules/@types/json5
3223 silly ADD node_modules/is-number
3224 silly ADD node_modules/has-flag
3225 silly ADD node_modules/side-channel-weakmap
3226 silly ADD node_modules/side-channel-map
3227 silly ADD node_modules/side-channel-list
3228 silly ADD node_modules/shebang-regex
3229 silly ADD node_modules/isarray
3230 silly ADD node_modules/queue-microtask
3231 silly ADD node_modules/supports-preserve-symlinks-flag
3232 silly ADD node_modules/path-parse
3233 silly ADD node_modules/node-exports-info
3234 silly ADD node_modules/node-exports-info/node_modules/semver
3235 silly ADD node_modules/react-is
3236 silly ADD node_modules/object-assign
3237 silly ADD node_modules/loose-envify
3238 silly ADD node_modules/callsites
3239 silly ADD node_modules/yocto-queue
3240 silly ADD node_modules/p-limit
3241 silly ADD node_modules/word-wrap
3242 silly ADD node_modules/fast-levenshtein
3243 silly ADD node_modules/deep-is
3244 silly ADD node_modules/concat-map
3245 silly ADD node_modules/balanced-match
3246 silly ADD node_modules/brace-expansion
3247 silly ADD node_modules/to-regex-range
3248 silly ADD node_modules/fill-range
3249 silly ADD node_modules/picomatch
3250 silly ADD node_modules/braces
3251 silly ADD node_modules/yallist
3252 silly ADD node_modules/p-locate
3253 silly ADD node_modules/type-check
3254 silly ADD node_modules/prelude-ls
3255 silly ADD node_modules/language-subtag-registry
3256 silly ADD node_modules/json-buffer
3257 silly ADD node_modules/argparse
3258 silly ADD node_modules/set-function-name
3259 silly ADD node_modules/is-extglob
3260 silly ADD node_modules/side-channel
3261 silly ADD node_modules/resolve-from
3262 silly ADD node_modules/parent-module
3263 silly ADD node_modules/hermes-estree
3264 silly ADD node_modules/resolve-pkg-maps
3265 silly ADD node_modules/dunder-proto
3266 silly ADD node_modules/functions-have-names
3267 silly ADD node_modules/keyv
3268 silly ADD node_modules/flatted
3269 silly ADD node_modules/path-exists
3270 silly ADD node_modules/locate-path
3271 silly ADD node_modules/flat-cache
3272 silly ADD node_modules/reusify
3273 silly ADD node_modules/run-parallel
3274 silly ADD node_modules/fastq
3275 silly ADD node_modules/@nodelib/fs.scandir
3276 silly ADD node_modules/micromatch
3277 silly ADD node_modules/merge2
3278 silly ADD node_modules/@nodelib/fs.walk
3279 silly ADD node_modules/@nodelib/fs.stat
3280 silly ADD node_modules/acorn-jsx
3281 silly ADD node_modules/acorn
3282 silly ADD node_modules/esrecurse
3283 silly ADD node_modules/update-browserslist-db
3284 silly ADD node_modules/node-releases
3285 silly ADD node_modules/electron-to-chromium
3286 silly ADD node_modules/@jridgewell/resolve-uri
3287 silly ADD node_modules/@jridgewell/sourcemap-codec
3288 silly ADD node_modules/@babel/helper-string-parser
3289 silly ADD node_modules/@babel/helper-globals
3290 silly ADD node_modules/@babel/helper-module-imports
3291 silly ADD node_modules/lru-cache
3292 silly ADD node_modules/browserslist
3293 silly ADD node_modules/@babel/helper-validator-option
3294 silly ADD node_modules/@babel/compat-data
3295 silly ADD node_modules/jsesc
3296 silly ADD node_modules/@jridgewell/trace-mapping
3297 silly ADD node_modules/@jridgewell/gen-mapping
3298 silly ADD node_modules/js-tokens
3299 silly ADD node_modules/@babel/helper-validator-identifier
3300 silly ADD node_modules/json5
3301 silly ADD node_modules/gensync
3302 silly ADD node_modules/convert-source-map
3303 silly ADD node_modules/@jridgewell/remapping
3304 silly ADD node_modules/@babel/types
3305 silly ADD node_modules/@babel/traverse
3306 silly ADD node_modules/@babel/template
3307 silly ADD node_modules/@babel/helpers
3308 silly ADD node_modules/@babel/helper-module-transforms
3309 silly ADD node_modules/@babel/helper-compilation-targets
3310 silly ADD node_modules/@babel/helper-compilation-targets/node_modules/semver
3311 silly ADD node_modules/@babel/generator
3312 silly ADD node_modules/@babel/code-frame
3313 silly ADD node_modules/zod-validation-error
3314 silly ADD node_modules/zod
3315 silly ADD node_modules/hermes-parser
3316 silly ADD node_modules/@babel/parser
3317 silly ADD node_modules/@babel/core
3318 silly ADD node_modules/@babel/core/node_modules/semver
3319 silly ADD node_modules/iterator.prototype
3320 silly ADD node_modules/string.prototype.repeat
3321 silly ADD node_modules/string.prototype.matchall
3322 silly ADD node_modules/prop-types
3323 silly ADD node_modules/object.entries
3324 silly ADD node_modules/estraverse
3325 silly ADD node_modules/es-iterator-helpers
3326 silly ADD node_modules/array.prototype.tosorted
3327 silly ADD node_modules/array.prototype.findlast
3328 silly ADD node_modules/string.prototype.includes
3329 silly ADD node_modules/language-tags
3330 silly ADD node_modules/jsx-ast-utils
3331 silly ADD node_modules/emoji-regex
3332 silly ADD node_modules/damerau-levenshtein
3333 silly ADD node_modules/axobject-query
3334 silly ADD node_modules/axe-core
3335 silly ADD node_modules/ast-types-flow
3336 silly ADD node_modules/aria-query
3337 silly ADD node_modules/is-symbol
3338 silly ADD node_modules/is-date-object
3339 silly ADD node_modules/has-tostringtag
3340 silly ADD node_modules/possible-typed-array-names
3341 silly ADD node_modules/which-typed-array
3342 silly ADD node_modules/unbox-primitive
3343 silly ADD node_modules/typed-array-length
3344 silly ADD node_modules/typed-array-byte-offset
3345 silly ADD node_modules/typed-array-byte-length
3346 silly ADD node_modules/typed-array-buffer
3347 silly ADD node_modules/string.prototype.trimstart
3348 silly ADD node_modules/string.prototype.trim
3349 silly ADD node_modules/stop-iteration-iterator
3350 silly ADD node_modules/set-proto
3351 silly ADD node_modules/safe-regex-test
3352 silly ADD node_modules/safe-push-apply
3353 silly ADD node_modules/safe-array-concat
3354 silly ADD node_modules/regexp.prototype.flags
3355 silly ADD node_modules/own-keys
3356 silly ADD node_modules/object.assign
3357 silly ADD node_modules/object-inspect
3358 silly ADD node_modules/is-weakref
3359 silly ADD node_modules/is-typed-array
3360 silly ADD node_modules/is-shared-array-buffer
3361 silly ADD node_modules/is-set
3362 silly ADD node_modules/is-regex
3363 silly ADD node_modules/is-negative-zero
3364 silly ADD node_modules/is-data-view
3365 silly ADD node_modules/is-callable
3366 silly ADD node_modules/is-array-buffer
3367 silly ADD node_modules/internal-slot
3368 silly ADD node_modules/has-symbols
3369 silly ADD node_modules/has-proto
3370 silly ADD node_modules/globalthis
3371 silly ADD node_modules/get-symbol-description
3372 silly ADD node_modules/get-proto
3373 silly ADD node_modules/function.prototype.name
3374 silly ADD node_modules/es-to-primitive
3375 silly ADD node_modules/es-set-tostringtag
3376 silly ADD node_modules/data-view-byte-offset
3377 silly ADD node_modules/data-view-byte-length
3378 silly ADD node_modules/data-view-buffer
3379 silly ADD node_modules/available-typed-arrays
3380 silly ADD node_modules/arraybuffer.prototype.slice
3381 silly ADD node_modules/array-buffer-byte-length
3382 silly ADD node_modules/gopd
3383 silly ADD node_modules/object-keys
3384 silly ADD node_modules/has-property-descriptors
3385 silly ADD node_modules/define-data-property
3386 silly ADD node_modules/function-bind
3387 silly ADD node_modules/set-function-length
3388 silly ADD node_modules/es-define-property
3389 silly ADD node_modules/call-bind-apply-helpers
3390 silly ADD node_modules/es-shim-unscopables
3391 silly ADD node_modules/es-errors
3392 silly ADD node_modules/math-intrinsics
3393 silly ADD node_modules/is-string
3394 silly ADD node_modules/get-intrinsic
3395 silly ADD node_modules/es-object-atoms
3396 silly ADD node_modules/es-abstract
3397 silly ADD node_modules/define-properties
3398 silly ADD node_modules/call-bound
3399 silly ADD node_modules/call-bind
3400 silly ADD node_modules/tsconfig-paths
3401 silly ADD node_modules/tsconfig-paths/node_modules/json5
3402 silly ADD node_modules/string.prototype.trimend
3403 silly ADD node_modules/object.values
3404 silly ADD node_modules/object.groupby
3405 silly ADD node_modules/object.fromentries
3406 silly ADD node_modules/hasown
3407 silly ADD node_modules/eslint-module-utils
3408 silly ADD node_modules/eslint-module-utils/node_modules/debug
3409 silly ADD node_modules/doctrine
3410 silly ADD node_modules/array.prototype.flatmap
3411 silly ADD node_modules/array.prototype.flat
3412 silly ADD node_modules/array.prototype.findlastindex
3413 silly ADD node_modules/array-includes
3414 silly ADD node_modules/@rtsao/scc
3415 silly ADD node_modules/unrs-resolver
3416 silly ADD node_modules/tinyglobby
3417 silly ADD node_modules/tinyglobby/node_modules/picomatch
3418 silly ADD node_modules/tinyglobby/node_modules/fdir
3419 silly ADD node_modules/stable-hash
3420 silly ADD node_modules/is-bun-module
3421 silly ADD node_modules/get-tsconfig
3422 silly ADD node_modules/@nolyfill/is-core-module
3423 silly ADD node_modules/resolve
3424 silly ADD node_modules/is-core-module
3425 silly ADD node_modules/color-name
3426 silly ADD node_modules/color-convert
3427 silly ADD node_modules/supports-color
3428 silly ADD node_modules/ansi-styles
3429 silly ADD node_modules/strip-json-comments
3430 silly ADD node_modules/js-yaml
3431 silly ADD node_modules/import-fresh
3432 silly ADD node_modules/@types/json-schema
3433 silly ADD node_modules/@eslint/object-schema
3434 silly ADD node_modules/minimatch
3435 silly ADD node_modules/lodash.merge
3436 silly ADD node_modules/espree
3437 silly ADD node_modules/eslint-visitor-keys
3438 silly ADD node_modules/eslint-scope
3439 silly ADD node_modules/chalk
3440 silly ADD node_modules/@types/estree
3441 silly ADD node_modules/@eslint/plugin-kit
3442 silly ADD node_modules/@eslint/js
3443 silly ADD node_modules/@eslint/eslintrc
3444 silly ADD node_modules/@eslint/eslintrc/node_modules/globals
3445 silly ADD node_modules/@eslint/core
3446 silly ADD node_modules/@eslint/config-helpers
3447 silly ADD node_modules/@eslint/config-array
3448 silly ADD node_modules/fast-glob
3449 silly ADD node_modules/fast-glob/node_modules/glob-parent
3450 silly ADD node_modules/typescript-eslint
3451 silly ADD node_modules/globals
3452 silly ADD node_modules/eslint-plugin-react-hooks
3453 silly ADD node_modules/eslint-plugin-react
3454 silly ADD node_modules/eslint-plugin-react/node_modules/semver
3455 silly ADD node_modules/eslint-plugin-jsx-a11y
3456 silly ADD node_modules/eslint
3457 silly ADD node_modules/eslint-plugin-import
3458 silly ADD node_modules/eslint-plugin-import/node_modules/semver
3459 silly ADD node_modules/eslint-plugin-import/node_modules/debug
3460 silly ADD node_modules/eslint-import-resolver-typescript
3461 silly ADD node_modules/eslint-import-resolver-node
3462 silly ADD node_modules/eslint-import-resolver-node/node_modules/debug
3463 silly ADD node_modules/@next/eslint-plugin-next
3464 silly ADD node_modules/ms
3465 silly ADD node_modules/which
3466 silly ADD node_modules/shebang-command
3467 silly ADD node_modules/path-key
3468 silly ADD node_modules/uri-js
3469 silly ADD node_modules/json-schema-traverse
3470 silly ADD node_modules/fast-json-stable-stringify
3471 silly ADD node_modules/@humanfs/types
3472 silly ADD node_modules/@humanfs/core
3473 silly ADD node_modules/levn
3474 silly ADD node_modules/optionator
3475 silly ADD node_modules/natural-compare
3476 silly ADD node_modules/json-stable-stringify-without-jsonify
3477 silly ADD node_modules/is-glob
3478 silly ADD node_modules/imurmurhash
3479 silly ADD node_modules/ignore
3480 silly ADD node_modules/glob-parent
3481 silly ADD node_modules/find-up
3482 silly ADD node_modules/file-entry-cache
3483 silly ADD node_modules/fast-deep-equal
3484 silly ADD node_modules/esutils
3485 silly ADD node_modules/esquery
3486 silly ADD node_modules/escape-string-regexp
3487 silly ADD node_modules/debug
3488 silly ADD node_modules/cross-spawn
3489 silly ADD node_modules/ajv
3490 silly ADD node_modules/@humanwhocodes/retry
3491 silly ADD node_modules/@humanwhocodes/module-importer
3492 silly ADD node_modules/@humanfs/node
3493 silly ADD node_modules/@eslint-community/regexpp
3494 silly ADD node_modules/@eslint-community/eslint-utils
3495 silly ADD node_modules/@eslint-community/eslint-utils/node_modules/eslint-visitor-keys
3496 silly ADD node_modules/csstype
3497 silly ADD node_modules/undici-types
3498 silly ADD node_modules/typescript
3499 silly ADD node_modules/eslint-config-next
3500 silly ADD node_modules/@types/react-dom
3501 silly ADD node_modules/@types/react
3502 silly ADD node_modules/@types/node
3503 silly ADD
3504 silly ADD
3505 silly ADD
3506 silly ADD
3507 silly ADD
3508 silly ADD
3509 silly ADD
3510 silly ADD
3511 silly ADD
3512 silly ADD
3513 silly ADD
3514 silly ADD
3515 silly ADD
3516 silly ADD
3517 silly ADD
3518 silly ADD
3519 silly ADD
3520 silly ADD
3521 silly ADD
3522 silly ADD
3523 silly ADD
3524 silly ADD
3525 silly ADD
3526 silly ADD
3527 silly ADD
3528 silly ADD
3529 silly ADD
3530 silly ADD
3531 silly ADD
3532 silly ADD
3533 silly ADD node_modules/@emnapi/runtime
3534 verbose cwd C:\Progetti Exeva\Nuovo sceno
3535 verbose os Windows_NT 10.0.26200
3536 verbose node v22.14.0
3537 verbose npm  v10.9.2
3538 verbose exit 0
3539 info ok
